NAME,S1501_C01_064E,state,county,tract
"Census Tract 8175, Cook County, Illinois",-666666666,17,031,817500
"Census Tract 8177, Cook County, Illinois",46016,17,031,817700
"Census Tract 8179, Cook County, Illinois",107813,17,031,817900
"Census Tract 8214.01, Cook County, Illinois",61797,17,031,821401
"Census Tract 8201.04, Cook County, Illinois",84688,17,031,820104
"Census Tract 1406.02, Cook County, Illinois",51477,17,031,140602
"Census Tract 1403.01, Cook County, Illinois",-666666666,17,031,140301
"Census Tract 1403.02, Cook County, Illinois",70335,17,031,140302
"Census Tract 1406.01, Cook County, Illinois",53182,17,031,140601
"Census Tract 1407.01, Cook County, Illinois",52083,17,031,140701
"Census Tract 1407.02, Cook County, Illinois",62396,17,031,140702
"Census Tract 1504.01, Cook County, Illinois",82083,17,031,150401
"Census Tract 1504.02, Cook County, Illinois",62639,17,031,150402
"Census Tract 2105.02, Cook County, Illinois",-666666666,17,031,210502
"Census Tract 2106.01, Cook County, Illinois",54875,17,031,210601
"Census Tract 2106.02, Cook County, Illinois",66940,17,031,210602
"Census Tract 2206.01, Cook County, Illinois",53864,17,031,220601
"Census Tract 2206.02, Cook County, Illinois",52652,17,031,220602
"Census Tract 2207.01, Cook County, Illinois",69167,17,031,220701
"Census Tract 2207.02, Cook County, Illinois",65163,17,031,220702
"Census Tract 2209.01, Cook County, Illinois",45341,17,031,220901
"Census Tract 2209.02, Cook County, Illinois",56750,17,031,220902
"Census Tract 2521.01, Cook County, Illinois",87583,17,031,252101
"Census Tract 2521.02, Cook County, Illinois",40370,17,031,252102
"Census Tract 2522.01, Cook County, Illinois",-666666666,17,031,252201
"Census Tract 2522.02, Cook County, Illinois",-666666666,17,031,252202
"Census Tract 3017.01, Cook County, Illinois",74615,17,031,301701
"Census Tract 3017.02, Cook County, Illinois",112750,17,031,301702
"Census Tract 3018.01, Cook County, Illinois",-666666666,17,031,301801
"Census Tract 3018.02, Cook County, Illinois",59464,17,031,301802
"Census Tract 3018.03, Cook County, Illinois",36250,17,031,301803
"Census Tract 8269.02, Cook County, Illinois",-666666666,17,031,826902
"Census Tract 5102, Cook County, Illinois",36452,17,031,510200
"Census Tract 5705, Cook County, Illinois",44844,17,031,570500
"Census Tract 6006, Cook County, Illinois",72750,17,031,600600
"Census Tract 6112, Cook County, Illinois",-666666666,17,031,611200
"Census Tract 6408, Cook County, Illinois",36042,17,031,640800
"Census Tract 6709, Cook County, Illinois",34479,17,031,670900
"Census Tract 6913, Cook County, Illinois",58276,17,031,691300
"Census Tract 4307, Cook County, Illinois",73125,17,031,430700
"Census Tract 4904, Cook County, Illinois",73036,17,031,490400
"Census Tract 8241.06, Cook County, Illinois",64545,17,031,824106
"Census Tract 8068.02, Cook County, Illinois",70469,17,031,806802
"Census Tract 8094, Cook County, Illinois",69013,17,031,809400
"Census Tract 8176, Cook County, Illinois",-666666666,17,031,817600
"Census Tract 8184.02, Cook County, Illinois",54052,17,031,818402
"Census Tract 8263.03, Cook County, Illinois",41220,17,031,826303
"Census Tract 8273, Cook County, Illinois",-666666666,17,031,827300
"Census Tract 8285.03, Cook County, Illinois",41141,17,031,828503
"Census Tract 6404, Cook County, Illinois",87730,17,031,640400
"Census Tract 6604, Cook County, Illinois",61667,17,031,660400
"Census Tract 6608, Cook County, Illinois",20724,17,031,660800
"Census Tract 6713, Cook County, Illinois",40813,17,031,671300
"Census Tract 8253.02, Cook County, Illinois",-666666666,17,031,825302
"Census Tract 8265, Cook County, Illinois",41092,17,031,826500
"Census Tract 8267, Cook County, Illinois",64516,17,031,826700
"Census Tract 8271, Cook County, Illinois",59167,17,031,827100
"Census Tract 8280, Cook County, Illinois",80745,17,031,828000
"Census Tract 8282.02, Cook County, Illinois",55833,17,031,828202
"Census Tract 8293.02, Cook County, Illinois",41688,17,031,829302
"Census Tract 3009, Cook County, Illinois",-666666666,17,031,300900
"Census Tract 3012, Cook County, Illinois",-666666666,17,031,301200
"Census Tract 8171.02, Cook County, Illinois",59766,17,031,817102
"Census Tract 8173, Cook County, Illinois",57500,17,031,817300
"Census Tract 8191, Cook County, Illinois",56029,17,031,819100
"Census Tract 8196, Cook County, Illinois",108214,17,031,819600
"Census Tract 8278.04, Cook County, Illinois",65200,17,031,827804
"Census Tract 8275, Cook County, Illinois",-666666666,17,031,827500
"Census Tract 8278.01, Cook County, Illinois",71250,17,031,827801
"Census Tract 8285.06, Cook County, Illinois",55658,17,031,828506
"Census Tract 8291, Cook County, Illinois",25508,17,031,829100
"Census Tract 8295, Cook County, Illinois",-666666666,17,031,829500
"Census Tract 8048.04, Cook County, Illinois",78631,17,031,804804
"Census Tract 8051.05, Cook County, Illinois",66976,17,031,805105
"Census Tract 8051.08, Cook County, Illinois",59722,17,031,805108
"Census Tract 8057.01, Cook County, Illinois",98966,17,031,805701
"Census Tract 8057.02, Cook County, Illinois",85227,17,031,805702
"Census Tract 8068.01, Cook County, Illinois",63056,17,031,806801
"Census Tract 8073, Cook County, Illinois",47833,17,031,807300
"Census Tract 8080.02, Cook County, Illinois",64474,17,031,808002
"Census Tract 8089, Cook County, Illinois",104706,17,031,808900
"Census Tract 3206, Cook County, Illinois",67105,17,031,320600
"Census Tract 3504, Cook County, Illinois",-666666666,17,031,350400
"Census Tract 8048.10, Cook County, Illinois",86360,17,031,804810
"Census Tract 8049.01, Cook County, Illinois",67303,17,031,804901
"Census Tract 8053.01, Cook County, Illinois",50764,17,031,805301
"Census Tract 8053.02, Cook County, Illinois",85625,17,031,805302
"Census Tract 8054.02, Cook County, Illinois",71029,17,031,805402
"Census Tract 8063, Cook County, Illinois",71875,17,031,806300
"Census Tract 8071, Cook County, Illinois",89750,17,031,807100
"Census Tract 8082, Cook County, Illinois",73462,17,031,808200
"Census Tract 8085, Cook County, Illinois",39375,17,031,808500
"Census Tract 8129, Cook County, Illinois",80259,17,031,812900
"Census Tract 8131, Cook County, Illinois",66641,17,031,813100
"Census Tract 8132, Cook County, Illinois",87724,17,031,813200
"Census Tract 8134, Cook County, Illinois",72841,17,031,813400
"Census Tract 8141, Cook County, Illinois",-666666666,17,031,814100
"Census Tract 2916, Cook County, Illinois",-666666666,17,031,291600
"Census Tract 2924, Cook County, Illinois",-666666666,17,031,292400
"Census Tract 3011, Cook County, Illinois",-666666666,17,031,301100
"Census Tract 3016, Cook County, Illinois",-666666666,17,031,301600
"Census Tract 3103, Cook County, Illinois",50500,17,031,310300
"Census Tract 3201, Cook County, Illinois",104700,17,031,320100
"Census Tract 3301, Cook County, Illinois",102749,17,031,330100
"Census Tract 103, Cook County, Illinois",70893,17,031,010300
"Census Tract 508, Cook County, Illinois",72222,17,031,050800
"Census Tract 509, Cook County, Illinois",61979,17,031,050900
"Census Tract 511, Cook County, Illinois",67125,17,031,051100
"Census Tract 4903, Cook County, Illinois",59375,17,031,490300
"Census Tract 4907, Cook County, Illinois",49375,17,031,490700
"Census Tract 2519, Cook County, Illinois",-666666666,17,031,251900
"Census Tract 8211.01, Cook County, Illinois",92125,17,031,821101
"Census Tract 8202.02, Cook County, Illinois",27500,17,031,820202
"Census Tract 8203, Cook County, Illinois",-666666666,17,031,820300
"Census Tract 8211.02, Cook County, Illinois",-666666666,17,031,821102
"Census Tract 8213, Cook County, Illinois",-666666666,17,031,821300
"Census Tract 2605, Cook County, Illinois",-666666666,17,031,260500
"Census Tract 8258.02, Cook County, Illinois",-666666666,17,031,825802
"Census Tract 8276, Cook County, Illinois",-666666666,17,031,827600
"Census Tract 8278.05, Cook County, Illinois",-666666666,17,031,827805
"Census Tract 8282.01, Cook County, Illinois",-666666666,17,031,828201
"Census Tract 8096, Cook County, Illinois",103158,17,031,809600
"Census Tract 8104, Cook County, Illinois",91875,17,031,810400
"Census Tract 8106, Cook County, Illinois",46382,17,031,810600
"Census Tract 8109, Cook County, Illinois",45682,17,031,810900
"Census Tract 8113.01, Cook County, Illinois",-666666666,17,031,811301
"Census Tract 8113.02, Cook County, Illinois",-666666666,17,031,811302
"Census Tract 8121, Cook County, Illinois",74464,17,031,812100
"Census Tract 8135, Cook County, Illinois",-666666666,17,031,813500
"Census Tract 8136, Cook County, Illinois",53036,17,031,813600
"Census Tract 8182, Cook County, Illinois",56429,17,031,818200
"Census Tract 8189, Cook County, Illinois",69559,17,031,818900
"Census Tract 2804, Cook County, Illinois",93375,17,031,280400
"Census Tract 2922, Cook County, Illinois",62083,17,031,292200
"Census Tract 3005, Cook County, Illinois",19107,17,031,300500
"Census Tract 3006, Cook County, Illinois",25000,17,031,300600
"Census Tract 3107, Cook County, Illinois",45625,17,031,310700
"Census Tract 5801, Cook County, Illinois",40536,17,031,580100
"Census Tract 5806, Cook County, Illinois",-666666666,17,031,580600
"Census Tract 8046.07, Cook County, Illinois",72639,17,031,804607
"Census Tract 8047.09, Cook County, Illinois",58902,17,031,804709
"Census Tract 8050.01, Cook County, Illinois",68409,17,031,805001
"Census Tract 8051.10, Cook County, Illinois",76389,17,031,805110
"Census Tract 8052.01, Cook County, Illinois",42917,17,031,805201
"Census Tract 8052.02, Cook County, Illinois",74688,17,031,805202
"Census Tract 8302.02, Cook County, Illinois",67813,17,031,830202
"Census Tract 8284.02, Cook County, Illinois",77250,17,031,828402
"Census Tract 8286.01, Cook County, Illinois",62431,17,031,828601
"Census Tract 8300.03, Cook County, Illinois",51628,17,031,830003
"Census Tract 8301, Cook County, Illinois",77917,17,031,830100
"Census Tract 8303, Cook County, Illinois",-666666666,17,031,830300
"Census Tract 6403, Cook County, Illinois",78770,17,031,640300
"Census Tract 6505, Cook County, Illinois",88024,17,031,650500
"Census Tract 6704, Cook County, Illinois",-666666666,17,031,670400
"Census Tract 6809, Cook County, Illinois",-666666666,17,031,680900
"Census Tract 6811, Cook County, Illinois",-666666666,17,031,681100
"Census Tract 6813, Cook County, Illinois",-666666666,17,031,681300
"Census Tract 6904, Cook County, Illinois",-666666666,17,031,690400
"Census Tract 7002, Cook County, Illinois",63400,17,031,700200
"Census Tract 7115, Cook County, Illinois",40662,17,031,711500
"Census Tract 7306, Cook County, Illinois",78073,17,031,730600
"Census Tract 7402, Cook County, Illinois",80758,17,031,740200
"Census Tract 7501, Cook County, Illinois",53049,17,031,750100
"Census Tract 7502, Cook County, Illinois",83750,17,031,750200
"Census Tract 7503, Cook County, Illinois",79091,17,031,750300
"Census Tract 7504, Cook County, Illinois",70417,17,031,750400
"Census Tract 7705, Cook County, Illinois",-666666666,17,031,770500
"Census Tract 8004, Cook County, Illinois",157500,17,031,800400
"Census Tract 8202.01, Cook County, Illinois",101250,17,031,820201
"Census Tract 8212, Cook County, Illinois",32872,17,031,821200
"Census Tract 8216, Cook County, Illinois",82759,17,031,821600
"Census Tract 8217, Cook County, Illinois",70750,17,031,821700
"Census Tract 8221.02, Cook County, Illinois",71859,17,031,822102
"Census Tract 2226, Cook County, Illinois",56429,17,031,222600
"Census Tract 2308, Cook County, Illinois",75625,17,031,230800
"Census Tract 2407, Cook County, Illinois",90417,17,031,240700
"Census Tract 2410, Cook County, Illinois",60250,17,031,241000
"Census Tract 2411, Cook County, Illinois",59205,17,031,241100
"Census Tract 2420, Cook County, Illinois",62895,17,031,242000
"Census Tract 2421, Cook County, Illinois",75179,17,031,242100
"Census Tract 2506, Cook County, Illinois",-666666666,17,031,250600
"Census Tract 2511, Cook County, Illinois",-666666666,17,031,251100
"Census Tract 8363, Cook County, Illinois",90119,17,031,836300
"Census Tract 8364, Cook County, Illinois",80227,17,031,836400
"Census Tract 8365, Cook County, Illinois",54063,17,031,836500
"Census Tract 8366, Cook County, Illinois",-666666666,17,031,836600
"Census Tract 8367, Cook County, Illinois",-666666666,17,031,836700
"Census Tract 8368, Cook County, Illinois",79306,17,031,836800
"Census Tract 8369, Cook County, Illinois",-666666666,17,031,836900
"Census Tract 8370, Cook County, Illinois",42014,17,031,837000
"Census Tract 8371, Cook County, Illinois",54375,17,031,837100
"Census Tract 8373, Cook County, Illinois",64464,17,031,837300
"Census Tract 8374, Cook County, Illinois",86250,17,031,837400
"Census Tract 8378, Cook County, Illinois",56063,17,031,837800
"Census Tract 8380, Cook County, Illinois",85000,17,031,838000
"Census Tract 8381, Cook County, Illinois",75083,17,031,838100
"Census Tract 8382, Cook County, Illinois",47500,17,031,838200
"Census Tract 8383, Cook County, Illinois",53971,17,031,838300
"Census Tract 8386, Cook County, Illinois",-666666666,17,031,838600
"Census Tract 8387, Cook County, Illinois",-666666666,17,031,838700
"Census Tract 8388, Cook County, Illinois",23869,17,031,838800
"Census Tract 8390, Cook County, Illinois",81355,17,031,839000
"Census Tract 8391, Cook County, Illinois",91183,17,031,839100
"Census Tract 8392, Cook County, Illinois",50096,17,031,839200
"Census Tract 8395, Cook County, Illinois",91583,17,031,839500
"Census Tract 8396, Cook County, Illinois",77574,17,031,839600
"Census Tract 8397, Cook County, Illinois",57361,17,031,839700
"Census Tract 8398, Cook County, Illinois",67188,17,031,839800
"Census Tract 8399, Cook County, Illinois",64375,17,031,839900
"Census Tract 8400, Cook County, Illinois",75347,17,031,840000
"Census Tract 5905, Cook County, Illinois",65625,17,031,590500
"Census Tract 6004, Cook County, Illinois",49643,17,031,600400
"Census Tract 8100, Cook County, Illinois",84806,17,031,810000
"Census Tract 8102, Cook County, Illinois",61875,17,031,810200
"Census Tract 8110, Cook County, Illinois",71736,17,031,811000
"Census Tract 8401, Cook County, Illinois",56875,17,031,840100
"Census Tract 8402, Cook County, Illinois",50250,17,031,840200
"Census Tract 8403, Cook County, Illinois",41827,17,031,840300
"Census Tract 8404, Cook County, Illinois",67266,17,031,840400
"Census Tract 8407, Cook County, Illinois",72813,17,031,840700
"Census Tract 8408, Cook County, Illinois",-666666666,17,031,840800
"Census Tract 8410, Cook County, Illinois",87917,17,031,841000
"Census Tract 8411, Cook County, Illinois",70769,17,031,841100
"Census Tract 8412, Cook County, Illinois",32311,17,031,841200
"Census Tract 8413, Cook County, Illinois",51158,17,031,841300
"Census Tract 8414, Cook County, Illinois",-666666666,17,031,841400
"Census Tract 8415, Cook County, Illinois",74792,17,031,841500
"Census Tract 8416, Cook County, Illinois",-666666666,17,031,841600
"Census Tract 8417, Cook County, Illinois",66023,17,031,841700
"Census Tract 8418, Cook County, Illinois",40375,17,031,841800
"Census Tract 8419, Cook County, Illinois",82153,17,031,841900
"Census Tract 8420, Cook County, Illinois",62000,17,031,842000
"Census Tract 8421, Cook County, Illinois",-666666666,17,031,842100
"Census Tract 8422, Cook County, Illinois",82039,17,031,842200
"Census Tract 8423, Cook County, Illinois",84375,17,031,842300
"Census Tract 8424, Cook County, Illinois",63718,17,031,842400
"Census Tract 8425, Cook County, Illinois",73393,17,031,842500
"Census Tract 8426, Cook County, Illinois",83182,17,031,842600
"Census Tract 8428, Cook County, Illinois",-666666666,17,031,842800
"Census Tract 8429, Cook County, Illinois",88438,17,031,842900
"Census Tract 8430, Cook County, Illinois",-666666666,17,031,843000
"Census Tract 8431, Cook County, Illinois",-666666666,17,031,843100
"Census Tract 2520, Cook County, Illinois",90859,17,031,252000
"Census Tract 2601, Cook County, Illinois",-666666666,17,031,260100
"Census Tract 2607, Cook County, Illinois",18438,17,031,260700
"Census Tract 2713, Cook County, Illinois",90455,17,031,271300
"Census Tract 817, Cook County, Illinois",90538,17,031,081700
"Census Tract 1001, Cook County, Illinois",65156,17,031,100100
"Census Tract 1005, Cook County, Illinois",86000,17,031,100500
"Census Tract 1301, Cook County, Illinois",51500,17,031,130100
"Census Tract 1402, Cook County, Illinois",81413,17,031,140200
"Census Tract 1405, Cook County, Illinois",61750,17,031,140500
"Census Tract 1603, Cook County, Illinois",87917,17,031,160300
"Census Tract 1608, Cook County, Illinois",60244,17,031,160800
"Census Tract 407, Cook County, Illinois",82143,17,031,040700
"Census Tract 409, Cook County, Illinois",68500,17,031,040900
"Census Tract 601, Cook County, Illinois",91779,17,031,060100
"Census Tract 603, Cook County, Illinois",100382,17,031,060300
"Census Tract 604, Cook County, Illinois",94861,17,031,060400
"Census Tract 620, Cook County, Illinois",70673,17,031,062000
"Census Tract 622, Cook County, Illinois",103000,17,031,062200
"Census Tract 625, Cook County, Illinois",94271,17,031,062500
"Census Tract 631, Cook County, Illinois",94457,17,031,063100
"Census Tract 902, Cook County, Illinois",74375,17,031,090200
"Census Tract 1004, Cook County, Illinois",77188,17,031,100400
"Census Tract 1007, Cook County, Illinois",73594,17,031,100700
"Census Tract 1203, Cook County, Illinois",81439,17,031,120300
"Census Tract 2925, Cook County, Illinois",48450,17,031,292500
"Census Tract 715, Cook County, Illinois",86607,17,031,071500
"Census Tract 717, Cook County, Illinois",105463,17,031,071700
"Census Tract 202, Cook County, Illinois",54615,17,031,020200
"Census Tract 317, Cook County, Illinois",66576,17,031,031700
"Census Tract 313, Cook County, Illinois",51786,17,031,031300
"Census Tract 8147, Cook County, Illinois",61914,17,031,814700
"Census Tract 201, Cook County, Illinois",76786,17,031,020100
"Census Tract 1611, Cook County, Illinois",98750,17,031,161100
"Census Tract 1612, Cook County, Illinois",79886,17,031,161200
"Census Tract 2838, Cook County, Illinois",83309,17,031,283800
"Census Tract 3906, Cook County, Illinois",56458,17,031,390600
"Census Tract 8070, Cook County, Illinois",62841,17,031,807000
"Census Tract 3815, Cook County, Illinois",-666666666,17,031,381500
"Census Tract 4107, Cook County, Illinois",50335,17,031,410700
"Census Tract 8083.01, Cook County, Illinois",71759,17,031,808301
"Census Tract 8083.02, Cook County, Illinois",70469,17,031,808302
"Census Tract 8093, Cook County, Illinois",72734,17,031,809300
"Census Tract 4604, Cook County, Illinois",49583,17,031,460400
"Census Tract 5607, Cook County, Illinois",76667,17,031,560700
"Census Tract 5611, Cook County, Illinois",64602,17,031,561100
"Census Tract 5702, Cook County, Illinois",-666666666,17,031,570200
"Census Tract 101, Cook County, Illinois",48854,17,031,010100
"Census Tract 305, Cook County, Illinois",64246,17,031,030500
"Census Tract 7107, Cook County, Illinois",-666666666,17,031,710700
"Census Tract 7109, Cook County, Illinois",77900,17,031,710900
"Census Tract 7114, Cook County, Illinois",33750,17,031,711400
"Census Tract 7203, Cook County, Illinois",72604,17,031,720300
"Census Tract 7303, Cook County, Illinois",65750,17,031,730300
"Census Tract 7401, Cook County, Illinois",60833,17,031,740100
"Census Tract 8288.02, Cook County, Illinois",45625,17,031,828802
"Census Tract 8289, Cook County, Illinois",-666666666,17,031,828900
"Census Tract 8299.01, Cook County, Illinois",70172,17,031,829901
"Census Tract 8299.02, Cook County, Illinois",66856,17,031,829902
"Census Tract 628, Cook County, Illinois",98750,17,031,062800
"Census Tract 634, Cook County, Illinois",68804,17,031,063400
"Census Tract 705, Cook County, Illinois",155375,17,031,070500
"Census Tract 716, Cook County, Illinois",83047,17,031,071600
"Census Tract 718, Cook County, Illinois",133309,17,031,071800
"Census Tract 801, Cook County, Illinois",96962,17,031,080100
"Census Tract 804, Cook County, Illinois",90536,17,031,080400
"Census Tract 813, Cook County, Illinois",79700,17,031,081300
"Census Tract 1002, Cook County, Illinois",84146,17,031,100200
"Census Tract 1003, Cook County, Illinois",74688,17,031,100300
"Census Tract 1204, Cook County, Illinois",88293,17,031,120400
"Census Tract 1503, Cook County, Illinois",66500,17,031,150300
"Census Tract 1512, Cook County, Illinois",61500,17,031,151200
"Census Tract 1602, Cook County, Illinois",62375,17,031,160200
"Census Tract 1704, Cook County, Illinois",40547,17,031,170400
"Census Tract 1708, Cook County, Illinois",51183,17,031,170800
"Census Tract 1801, Cook County, Illinois",24704,17,031,180100
"Census Tract 8285.05, Cook County, Illinois",-666666666,17,031,828505
"Census Tract 8287.01, Cook County, Illinois",41525,17,031,828701
"Census Tract 8290, Cook County, Illinois",-666666666,17,031,829000
"Census Tract 3204, Cook County, Illinois",138750,17,031,320400
"Census Tract 205, Cook County, Illinois",46125,17,031,020500
"Census Tract 318, Cook County, Illinois",72639,17,031,031800
"Census Tract 321, Cook County, Illinois",88381,17,031,032100
"Census Tract 401, Cook County, Illinois",71333,17,031,040100
"Census Tract 503, Cook County, Illinois",82554,17,031,050300
"Census Tract 512, Cook County, Illinois",120357,17,031,051200
"Census Tract 602, Cook County, Illinois",80163,17,031,060200
"Census Tract 610, Cook County, Illinois",76107,17,031,061000
"Census Tract 624, Cook County, Illinois",91042,17,031,062400
"Census Tract 702, Cook County, Illinois",64316,17,031,070200
"Census Tract 703, Cook County, Illinois",75556,17,031,070300
"Census Tract 106, Cook County, Illinois",51523,17,031,010600
"Census Tract 204, Cook County, Illinois",81771,17,031,020400
"Census Tract 310, Cook County, Illinois",61607,17,031,031000
"Census Tract 403, Cook County, Illinois",86250,17,031,040300
"Census Tract 506, Cook County, Illinois",85625,17,031,050600
"Census Tract 605, Cook County, Illinois",104750,17,031,060500
"Census Tract 609, Cook County, Illinois",64208,17,031,060900
"Census Tract 618, Cook County, Illinois",75286,17,031,061800
"Census Tract 623, Cook County, Illinois",111397,17,031,062300
"Census Tract 704, Cook County, Illinois",104063,17,031,070400
"Census Tract 706, Cook County, Illinois",95529,17,031,070600
"Census Tract 4005, Cook County, Illinois",46477,17,031,400500
"Census Tract 4101, Cook County, Illinois",48750,17,031,410100
"Census Tract 4102, Cook County, Illinois",45536,17,031,410200
"Census Tract 4106, Cook County, Illinois",58792,17,031,410600
"Census Tract 4110, Cook County, Illinois",71483,17,031,411000
"Census Tract 4308, Cook County, Illinois",64940,17,031,430800
"Census Tract 5610, Cook County, Illinois",82727,17,031,561000
"Census Tract 6111, Cook County, Illinois",-666666666,17,031,611100
"Census Tract 6114, Cook County, Illinois",-666666666,17,031,611400
"Census Tract 6305, Cook County, Illinois",-666666666,17,031,630500
"Census Tract 6401, Cook County, Illinois",80938,17,031,640100
"Census Tract 6406, Cook County, Illinois",48710,17,031,640600
"Census Tract 8051.07, Cook County, Illinois",32228,17,031,805107
"Census Tract 6903, Cook County, Illinois",-666666666,17,031,690300
"Census Tract 6915, Cook County, Illinois",81667,17,031,691500
"Census Tract 7101, Cook County, Illinois",-666666666,17,031,710100
"Census Tract 7201, Cook County, Illinois",86544,17,031,720100
"Census Tract 7202, Cook County, Illinois",76250,17,031,720200
"Census Tract 7204, Cook County, Illinois",95500,17,031,720400
"Census Tract 7207, Cook County, Illinois",62474,17,031,720700
"Census Tract 1404, Cook County, Illinois",74688,17,031,140400
"Census Tract 1408, Cook County, Illinois",72050,17,031,140800
"Census Tract 1502, Cook County, Illinois",68182,17,031,150200
"Census Tract 1607, Cook County, Illinois",62296,17,031,160700
"Census Tract 1610, Cook County, Illinois",72273,17,031,161000
"Census Tract 1703, Cook County, Illinois",46823,17,031,170300
"Census Tract 4206, Cook County, Illinois",15789,17,031,420600
"Census Tract 4408, Cook County, Illinois",-666666666,17,031,440800
"Census Tract 8239.01, Cook County, Illinois",62125,17,031,823901
"Census Tract 8246.01, Cook County, Illinois",56129,17,031,824601
"Census Tract 8247.02, Cook County, Illinois",-666666666,17,031,824702
"Census Tract 2002, Cook County, Illinois",79076,17,031,200200
"Census Tract 2214, Cook County, Illinois",65700,17,031,221400
"Census Tract 2303, Cook County, Illinois",50000,17,031,230300
"Census Tract 2309, Cook County, Illinois",41544,17,031,230900
"Census Tract 2311, Cook County, Illinois",44808,17,031,231100
"Census Tract 2406, Cook County, Illinois",139107,17,031,240600
"Census Tract 2434, Cook County, Illinois",66953,17,031,243400
"Census Tract 2502, Cook County, Illinois",62381,17,031,250200
"Census Tract 2507, Cook County, Illinois",-666666666,17,031,250700
"Census Tract 2513, Cook County, Illinois",66719,17,031,251300
"Census Tract 2827, Cook County, Illinois",68214,17,031,282700
"Census Tract 314, Cook County, Illinois",67722,17,031,031400
"Census Tract 513, Cook County, Illinois",110987,17,031,051300
"Census Tract 632, Cook County, Illinois",58000,17,031,063200
"Census Tract 707, Cook County, Illinois",93421,17,031,070700
"Census Tract 711, Cook County, Illinois",100352,17,031,071100
"Census Tract 714, Cook County, Illinois",78818,17,031,071400
"Census Tract 3805, Cook County, Illinois",-666666666,17,031,380500
"Census Tract 3814, Cook County, Illinois",52262,17,031,381400
"Census Tract 3818, Cook County, Illinois",73000,17,031,381800
"Census Tract 3905, Cook County, Illinois",57969,17,031,390500
"Census Tract 3907, Cook County, Illinois",44706,17,031,390700
"Census Tract 4105, Cook County, Illinois",57708,17,031,410500
"Census Tract 4112, Cook County, Illinois",84625,17,031,411200
"Census Tract 4207, Cook County, Illinois",14559,17,031,420700
"Census Tract 4503, Cook County, Illinois",-666666666,17,031,450300
"Census Tract 5003, Cook County, Illinois",72778,17,031,500300
"Census Tract 5205, Cook County, Illinois",57176,17,031,520500
"Census Tract 5304, Cook County, Illinois",50938,17,031,530400
"Census Tract 5501, Cook County, Illinois",91429,17,031,550100
"Census Tract 5602, Cook County, Illinois",41202,17,031,560200
"Census Tract 5604, Cook County, Illinois",73125,17,031,560400
"Census Tract 5701, Cook County, Illinois",-666666666,17,031,570100
"Census Tract 5808, Cook County, Illinois",-666666666,17,031,580800
"Census Tract 6110, Cook County, Illinois",-666666666,17,031,611000
"Census Tract 8264.01, Cook County, Illinois",-666666666,17,031,826401
"Census Tract 8269.01, Cook County, Illinois",-666666666,17,031,826901
"Census Tract 8270, Cook County, Illinois",-666666666,17,031,827000
"Census Tract 8283, Cook County, Illinois",-666666666,17,031,828300
"Census Tract 7403, Cook County, Illinois",71700,17,031,740300
"Census Tract 4602, Cook County, Illinois",-666666666,17,031,460200
"Census Tract 4804, Cook County, Illinois",86016,17,031,480400
"Census Tract 5202, Cook County, Illinois",63611,17,031,520200
"Census Tract 5206, Cook County, Illinois",-666666666,17,031,520600
"Census Tract 5603, Cook County, Illinois",99167,17,031,560300
"Census Tract 5608, Cook County, Illinois",101014,17,031,560800
"Census Tract 5802, Cook County, Illinois",-666666666,17,031,580200
"Census Tract 5804, Cook County, Illinois",87434,17,031,580400
"Census Tract 4309, Cook County, Illinois",82847,17,031,430900
"Census Tract 4403, Cook County, Illinois",70227,17,031,440300
"Census Tract 4406, Cook County, Illinois",64844,17,031,440600
"Census Tract 4606, Cook County, Illinois",36250,17,031,460600
"Census Tract 8066, Cook County, Illinois",35882,17,031,806600
"Census Tract 4109, Cook County, Illinois",53938,17,031,410900
"Census Tract 4303, Cook County, Illinois",68750,17,031,430300
"Census Tract 1706, Cook County, Illinois",71333,17,031,170600
"Census Tract 6009, Cook County, Illinois",73375,17,031,600900
"Census Tract 6303, Cook County, Illinois",-666666666,17,031,630300
"Census Tract 8287.02, Cook County, Illinois",65982,17,031,828702
"Census Tract 8300.01, Cook County, Illinois",36354,17,031,830001
"Census Tract 8195, Cook County, Illinois",73208,17,031,819500
"Census Tract 4607, Cook County, Illinois",-666666666,17,031,460700
"Census Tract 4910, Cook County, Illinois",-666666666,17,031,491000
"Census Tract 8114.01, Cook County, Illinois",41938,17,031,811401
"Census Tract 8098, Cook County, Illinois",73182,17,031,809800
"Census Tract 8101, Cook County, Illinois",53583,17,031,810100
"Census Tract 8103.01, Cook County, Illinois",77283,17,031,810301
"Census Tract 8200, Cook County, Illinois",125179,17,031,820000
"Census Tract 8010, Cook County, Illinois",102132,17,031,801000
"Census Tract 7108, Cook County, Illinois",41008,17,031,710800
"Census Tract 7304, Cook County, Illinois",73558,17,031,730400
"Census Tract 7505, Cook County, Illinois",61667,17,031,750500
"Census Tract 8001, Cook County, Illinois",184792,17,031,800100
"Census Tract 8013, Cook County, Illinois",95341,17,031,801300
"Census Tract 8016.01, Cook County, Illinois",105063,17,031,801601
"Census Tract 8016.06, Cook County, Illinois",105880,17,031,801606
"Census Tract 8039.01, Cook County, Illinois",83889,17,031,803901
"Census Tract 8041.06, Cook County, Illinois",80243,17,031,804106
"Census Tract 8060.01, Cook County, Illinois",65096,17,031,806001
"Census Tract 8065.02, Cook County, Illinois",54909,17,031,806502
"Census Tract 8097, Cook County, Illinois",57969,17,031,809700
"Census Tract 8107.02, Cook County, Illinois",28482,17,031,810702
"Census Tract 8120, Cook County, Illinois",102974,17,031,812000
"Census Tract 8122, Cook County, Illinois",145417,17,031,812200
"Census Tract 8124, Cook County, Illinois",105455,17,031,812400
"Census Tract 8145, Cook County, Illinois",-666666666,17,031,814500
"Census Tract 8157.01, Cook County, Illinois",91607,17,031,815701
"Census Tract 8167, Cook County, Illinois",-666666666,17,031,816700
"Census Tract 2714, Cook County, Illinois",-666666666,17,031,271400
"Census Tract 2801, Cook County, Illinois",97260,17,031,280100
"Census Tract 1702, Cook County, Illinois",46563,17,031,170200
"Census Tract 2210, Cook County, Illinois",48036,17,031,221000
"Census Tract 2302, Cook County, Illinois",54000,17,031,230200
"Census Tract 2305, Cook County, Illinois",-666666666,17,031,230500
"Census Tract 1705, Cook County, Illinois",55417,17,031,170500
"Census Tract 1710, Cook County, Illinois",70642,17,031,171000
"Census Tract 8126, Cook County, Illinois",66429,17,031,812600
"Census Tract 8130, Cook County, Illinois",74050,17,031,813000
"Census Tract 8142, Cook County, Illinois",-666666666,17,031,814200
"Census Tract 8117.01, Cook County, Illinois",66000,17,031,811701
"Census Tract 8162, Cook County, Illinois",82917,17,031,816200
"Census Tract 8139, Cook County, Illinois",61094,17,031,813900
"Census Tract 8146, Cook County, Illinois",51477,17,031,814600
"Census Tract 8152, Cook County, Illinois",64375,17,031,815200
"Census Tract 8164.01, Cook County, Illinois",-666666666,17,031,816401
"Census Tract 8168, Cook County, Illinois",58173,17,031,816800
"Census Tract 8169, Cook County, Illinois",46528,17,031,816900
"Census Tract 3511, Cook County, Illinois",57917,17,031,351100
"Census Tract 3802, Cook County, Illinois",49821,17,031,380200
"Census Tract 3819, Cook County, Illinois",51250,17,031,381900
"Census Tract 4111, Cook County, Illinois",81250,17,031,411100
"Census Tract 4202, Cook County, Illinois",62143,17,031,420200
"Census Tract 8016.07, Cook County, Illinois",81779,17,031,801607
"Census Tract 8021, Cook County, Illinois",104028,17,031,802100
"Census Tract 8028.01, Cook County, Illinois",84485,17,031,802801
"Census Tract 8031, Cook County, Illinois",94063,17,031,803100
"Census Tract 8036.07, Cook County, Illinois",75769,17,031,803607
"Census Tract 8046.06, Cook County, Illinois",83856,17,031,804606
"Census Tract 8047.05, Cook County, Illinois",50000,17,031,804705
"Census Tract 8047.10, Cook County, Illinois",70078,17,031,804710
"Census Tract 8047.11, Cook County, Illinois",72210,17,031,804711
"Census Tract 8051.06, Cook County, Illinois",73233,17,031,805106
"Census Tract 8051.09, Cook County, Illinois",61467,17,031,805109
"Census Tract 8050.02, Cook County, Illinois",66750,17,031,805002
"Census Tract 8048.03, Cook County, Illinois",80292,17,031,804803
"Census Tract 8048.08, Cook County, Illinois",84196,17,031,804808
"Census Tract 8049.02, Cook County, Illinois",60378,17,031,804902
"Census Tract 8051.12, Cook County, Illinois",47188,17,031,805112
"Census Tract 8055.02, Cook County, Illinois",111181,17,031,805502
"Census Tract 8058.01, Cook County, Illinois",97875,17,031,805801
"Census Tract 8067, Cook County, Illinois",81302,17,031,806700
"Census Tract 8078, Cook County, Illinois",50809,17,031,807800
"Census Tract 8090, Cook County, Illinois",102734,17,031,809000
"Census Tract 8091, Cook County, Illinois",95694,17,031,809100
"Census Tract 8103.02, Cook County, Illinois",54297,17,031,810302
"Census Tract 8105.02, Cook County, Illinois",44063,17,031,810502
"Census Tract 8107.01, Cook County, Illinois",-666666666,17,031,810701
"Census Tract 8108, Cook County, Illinois",52829,17,031,810800
"Census Tract 8114.02, Cook County, Illinois",53167,17,031,811402
"Census Tract 612, Cook County, Illinois",79688,17,031,061200
"Census Tract 615, Cook County, Illinois",64722,17,031,061500
"Census Tract 629, Cook County, Illinois",106513,17,031,062900
"Census Tract 2107, Cook County, Illinois",67094,17,031,210700
"Census Tract 2211, Cook County, Illinois",50962,17,031,221100
"Census Tract 2212, Cook County, Illinois",67583,17,031,221200
"Census Tract 630, Cook County, Illinois",78467,17,031,063000
"Census Tract 712, Cook County, Illinois",108929,17,031,071200
"Census Tract 815, Cook County, Illinois",88542,17,031,081500
"Census Tract 903, Cook County, Illinois",69479,17,031,090300
"Census Tract 1303, Cook County, Illinois",59583,17,031,130300
"Census Tract 1006, Cook County, Illinois",87500,17,031,100600
"Census Tract 8043.05, Cook County, Illinois",70676,17,031,804305
"Census Tract 8099, Cook County, Illinois",105400,17,031,809900
"Census Tract 8117.02, Cook County, Illinois",-666666666,17,031,811702
"Census Tract 8160, Cook County, Illinois",59958,17,031,816000
"Census Tract 8194, Cook County, Illinois",70726,17,031,819400
"Census Tract 2109, Cook County, Illinois",108594,17,031,210900
"Census Tract 2602, Cook County, Illinois",-666666666,17,031,260200
"Census Tract 8155, Cook County, Illinois",51667,17,031,815500
"Census Tract 8180, Cook County, Illinois",59375,17,031,818000
"Census Tract 8229, Cook County, Illinois",63182,17,031,822900
"Census Tract 8239.04, Cook County, Illinois",73750,17,031,823904
"Census Tract 8264.02, Cook County, Illinois",35048,17,031,826402
"Census Tract 6309, Cook County, Illinois",-666666666,17,031,630900
"Census Tract 6502, Cook County, Illinois",-666666666,17,031,650200
"Census Tract 6607, Cook County, Illinois",-666666666,17,031,660700
"Census Tract 6609, Cook County, Illinois",77361,17,031,660900
"Census Tract 6805, Cook County, Illinois",-666666666,17,031,680500
"Census Tract 6806, Cook County, Illinois",-666666666,17,031,680600
"Census Tract 7103, Cook County, Illinois",19000,17,031,710300
"Census Tract 7205, Cook County, Illinois",72813,17,031,720500
"Census Tract 7206, Cook County, Illinois",91625,17,031,720600
"Census Tract 7301, Cook County, Illinois",53654,17,031,730100
"Census Tract 8012, Cook County, Illinois",149659,17,031,801200
"Census Tract 8014, Cook County, Illinois",106553,17,031,801400
"Census Tract 8017.02, Cook County, Illinois",91563,17,031,801702
"Census Tract 8022, Cook County, Illinois",89583,17,031,802200
"Census Tract 8026.05, Cook County, Illinois",88125,17,031,802605
"Census Tract 8034, Cook County, Illinois",101656,17,031,803400
"Census Tract 8036.03, Cook County, Illinois",113611,17,031,803603
"Census Tract 8036.10, Cook County, Illinois",78451,17,031,803610
"Census Tract 8042.01, Cook County, Illinois",97629,17,031,804201
"Census Tract 4610, Cook County, Illinois",-666666666,17,031,461000
"Census Tract 4803, Cook County, Illinois",65417,17,031,480300
"Census Tract 510, Cook County, Illinois",112841,17,031,051000
"Census Tract 514, Cook County, Illinois",78958,17,031,051400
"Census Tract 608, Cook County, Illinois",81000,17,031,060800
"Census Tract 626, Cook County, Illinois",99135,17,031,062600
"Census Tract 710, Cook County, Illinois",108466,17,031,071000
"Census Tract 901, Cook County, Illinois",81944,17,031,090100
"Census Tract 1201, Cook County, Illinois",84018,17,031,120100
"Census Tract 1401, Cook County, Illinois",56625,17,031,140100
"Census Tract 1508, Cook County, Illinois",54620,17,031,150800
"Census Tract 1511, Cook County, Illinois",55481,17,031,151100
"Census Tract 1601, Cook County, Illinois",70417,17,031,160100
"Census Tract 1604, Cook County, Illinois",63125,17,031,160400
"Census Tract 1711, Cook County, Illinois",43472,17,031,171100
"Census Tract 1903, Cook County, Illinois",42891,17,031,190300
"Census Tract 1909, Cook County, Illinois",69479,17,031,190900
"Census Tract 8024.03, Cook County, Illinois",47500,17,031,802403
"Census Tract 8024.04, Cook County, Illinois",65063,17,031,802404
"Census Tract 8025.05, Cook County, Illinois",73133,17,031,802505
"Census Tract 8025.06, Cook County, Illinois",76375,17,031,802506
"Census Tract 8026.07, Cook County, Illinois",97083,17,031,802607
"Census Tract 8026.08, Cook County, Illinois",54028,17,031,802608
"Census Tract 8026.09, Cook County, Illinois",60445,17,031,802609
"Census Tract 8026.10, Cook County, Illinois",62500,17,031,802610
"Census Tract 8030.12, Cook County, Illinois",71080,17,031,803012
"Census Tract 8030.13, Cook County, Illinois",89850,17,031,803013
"Census Tract 8030.14, Cook County, Illinois",50469,17,031,803014
"Census Tract 8030.15, Cook County, Illinois",79345,17,031,803015
"Census Tract 8030.16, Cook County, Illinois",83920,17,031,803016
"Census Tract 8030.17, Cook County, Illinois",84792,17,031,803017
"Census Tract 8036.11, Cook County, Illinois",51211,17,031,803611
"Census Tract 8036.12, Cook County, Illinois",66875,17,031,803612
"Census Tract 8037.01, Cook County, Illinois",73977,17,031,803701
"Census Tract 8272, Cook County, Illinois",81211,17,031,827200
"Census Tract 8278.02, Cook County, Illinois",50469,17,031,827802
"Census Tract 8285.04, Cook County, Illinois",78106,17,031,828504
"Census Tract 102.01, Cook County, Illinois",50294,17,031,010201
"Census Tract 102.02, Cook County, Illinois",33092,17,031,010202
"Census Tract 105.01, Cook County, Illinois",30040,17,031,010501
"Census Tract 105.02, Cook County, Illinois",38226,17,031,010502
"Census Tract 105.03, Cook County, Illinois",64034,17,031,010503
"Census Tract 107.01, Cook County, Illinois",72321,17,031,010701
"Census Tract 107.02, Cook County, Illinois",45863,17,031,010702
"Census Tract 203.01, Cook County, Illinois",60492,17,031,020301
"Census Tract 203.02, Cook County, Illinois",74531,17,031,020302
"Census Tract 206.01, Cook County, Illinois",55000,17,031,020601
"Census Tract 206.02, Cook County, Illinois",39435,17,031,020602
"Census Tract 207.01, Cook County, Illinois",75729,17,031,020701
"Census Tract 207.02, Cook County, Illinois",56442,17,031,020702
"Census Tract 208.01, Cook County, Illinois",60850,17,031,020801
"Census Tract 208.02, Cook County, Illinois",98355,17,031,020802
"Census Tract 209.01, Cook County, Illinois",59318,17,031,020901
"Census Tract 209.02, Cook County, Illinois",32021,17,031,020902
"Census Tract 301.01, Cook County, Illinois",52237,17,031,030101
"Census Tract 301.02, Cook County, Illinois",59688,17,031,030102
"Census Tract 301.03, Cook County, Illinois",56339,17,031,030103
"Census Tract 301.04, Cook County, Illinois",58333,17,031,030104
"Census Tract 306.01, Cook County, Illinois",61325,17,031,030601
"Census Tract 8432, Cook County, Illinois",50833,17,031,843200
"Census Tract 8433, Cook County, Illinois",53587,17,031,843300
"Census Tract 8434, Cook County, Illinois",-666666666,17,031,843400
"Census Tract 8435, Cook County, Illinois",-666666666,17,031,843500
"Census Tract 8436, Cook County, Illinois",80645,17,031,843600
"Census Tract 8437, Cook County, Illinois",94531,17,031,843700
"Census Tract 8438, Cook County, Illinois",-666666666,17,031,843800
"Census Tract 8074, Cook County, Illinois",76587,17,031,807400
"Census Tract 8076, Cook County, Illinois",65612,17,031,807600
"Census Tract 8079, Cook County, Illinois",96591,17,031,807900
"Census Tract 8080.01, Cook County, Illinois",86071,17,031,808001
"Census Tract 8081, Cook County, Illinois",51964,17,031,808100
"Census Tract 8186, Cook County, Illinois",74119,17,031,818600
"Census Tract 8197, Cook County, Illinois",104112,17,031,819700
"Census Tract 8198.02, Cook County, Illinois",109286,17,031,819802
"Census Tract 8201.03, Cook County, Illinois",88929,17,031,820103
"Census Tract 8207, Cook County, Illinois",57237,17,031,820700
"Census Tract 8227.01, Cook County, Illinois",73491,17,031,822701
"Census Tract 8230.01, Cook County, Illinois",105139,17,031,823001
"Census Tract 8230.02, Cook County, Illinois",67604,17,031,823002
"Census Tract 8231.01, Cook County, Illinois",39643,17,031,823101
"Census Tract 8233.02, Cook County, Illinois",65886,17,031,823302
"Census Tract 8237.03, Cook County, Illinois",67972,17,031,823703
"Census Tract 8237.04, Cook County, Illinois",62904,17,031,823704
"Census Tract 5907, Cook County, Illinois",44167,17,031,590700
"Census Tract 6104, Cook County, Illinois",-666666666,17,031,610400
"Census Tract 6108, Cook County, Illinois",74318,17,031,610800
"Census Tract 6120, Cook County, Illinois",97768,17,031,612000
"Census Tract 6121, Cook County, Illinois",-666666666,17,031,612100
"Census Tract 6405, Cook County, Illinois",88125,17,031,640500
"Census Tract 8009, Cook County, Illinois",95147,17,031,800900
"Census Tract 8223.01, Cook County, Illinois",73500,17,031,822301
"Census Tract 8226.02, Cook County, Illinois",67219,17,031,822602
"Census Tract 8238.01, Cook County, Illinois",78340,17,031,823801
"Census Tract 8241.05, Cook County, Illinois",83403,17,031,824105
"Census Tract 8245.03, Cook County, Illinois",64308,17,031,824503
"Census Tract 4004, Cook County, Illinois",-666666666,17,031,400400
"Census Tract 4208, Cook County, Illinois",57159,17,031,420800
"Census Tract 8055.01, Cook County, Illinois",78188,17,031,805501
"Census Tract 8058.02, Cook County, Illinois",93676,17,031,805802
"Census Tract 8059.02, Cook County, Illinois",104257,17,031,805902
"Census Tract 8061.02, Cook County, Illinois",75469,17,031,806102
"Census Tract 8069, Cook County, Illinois",72883,17,031,806900
"Census Tract 8084, Cook County, Illinois",72250,17,031,808400
"Census Tract 8086, Cook County, Illinois",104097,17,031,808600
"Census Tract 3105, Cook County, Illinois",47386,17,031,310500
"Census Tract 8075, Cook County, Illinois",73250,17,031,807500
"Census Tract 8077, Cook County, Illinois",66346,17,031,807700
"Census Tract 3904, Cook County, Illinois",103315,17,031,390400
"Census Tract 4201, Cook County, Illinois",50682,17,031,420100
"Census Tract 4204, Cook County, Illinois",41500,17,031,420400
"Census Tract 4312, Cook County, Illinois",70104,17,031,431200
"Census Tract 4605, Cook County, Illinois",46990,17,031,460500
"Census Tract 4802, Cook County, Illinois",36016,17,031,480200
"Census Tract 4905, Cook County, Illinois",51938,17,031,490500
"Census Tract 4906, Cook County, Illinois",-666666666,17,031,490600
"Census Tract 4908, Cook County, Illinois",-666666666,17,031,490800
"Census Tract 5002, Cook County, Illinois",65865,17,031,500200
"Census Tract 5103, Cook County, Illinois",62039,17,031,510300
"Census Tract 5203, Cook County, Illinois",12574,17,031,520300
"Census Tract 8148, Cook County, Illinois",-666666666,17,031,814800
"Census Tract 8149, Cook County, Illinois",49760,17,031,814900
"Census Tract 8153, Cook County, Illinois",56019,17,031,815300
"Census Tract 8156, Cook County, Illinois",62222,17,031,815600
"Census Tract 8183, Cook County, Illinois",37143,17,031,818300
"Census Tract 8192, Cook County, Illinois",51661,17,031,819200
"Census Tract 8201.01, Cook County, Illinois",113000,17,031,820101
"Census Tract 8214.02, Cook County, Illinois",60865,17,031,821402
"Census Tract 8221.01, Cook County, Illinois",40500,17,031,822101
"Census Tract 8231.02, Cook County, Illinois",-666666666,17,031,823102
"Census Tract 2412, Cook County, Illinois",77750,17,031,241200
"Census Tract 2428, Cook County, Illinois",61000,17,031,242800
"Census Tract 2432, Cook County, Illinois",83125,17,031,243200
"Census Tract 2603, Cook County, Illinois",-666666666,17,031,260300
"Census Tract 2604, Cook County, Illinois",-666666666,17,031,260400
"Census Tract 2610, Cook County, Illinois",-666666666,17,031,261000
"Census Tract 2705, Cook County, Illinois",69779,17,031,270500
"Census Tract 2715, Cook County, Illinois",33750,17,031,271500
"Census Tract 2306, Cook County, Illinois",-666666666,17,031,230600
"Census Tract 2215, Cook County, Illinois",50740,17,031,221500
"Census Tract 2301, Cook County, Illinois",80000,17,031,230100
"Census Tract 2403, Cook County, Illinois",84250,17,031,240300
"Census Tract 2413, Cook County, Illinois",80250,17,031,241300
"Census Tract 2415, Cook County, Illinois",71011,17,031,241500
"Census Tract 2416, Cook County, Illinois",61685,17,031,241600
"Census Tract 303, Cook County, Illinois",58018,17,031,030300
"Census Tract 312, Cook County, Illinois",53239,17,031,031200
"Census Tract 8236.05, Cook County, Illinois",48438,17,031,823605
"Census Tract 8238.03, Cook County, Illinois",84643,17,031,823803
"Census Tract 8245.06, Cook County, Illinois",52029,17,031,824506
"Census Tract 8247.01, Cook County, Illinois",55804,17,031,824701
"Census Tract 8252, Cook County, Illinois",54028,17,031,825200
"Census Tract 8258.01, Cook County, Illinois",41452,17,031,825801
"Census Tract 8277, Cook County, Illinois",53869,17,031,827700
"Census Tract 8279.02, Cook County, Illinois",72829,17,031,827902
"Census Tract 8281, Cook County, Illinois",60930,17,031,828100
"Census Tract 8286.02, Cook County, Illinois",73403,17,031,828602
"Census Tract 8051.11, Cook County, Illinois",46613,17,031,805111
"Census Tract 8059.01, Cook County, Illinois",73510,17,031,805901
"Census Tract 8060.02, Cook County, Illinois",51071,17,031,806002
"Census Tract 8060.03, Cook County, Illinois",72953,17,031,806003
"Census Tract 8064, Cook County, Illinois",75250,17,031,806400
"Census Tract 8065.01, Cook County, Illinois",-666666666,17,031,806501
"Census Tract 7506, Cook County, Illinois",35052,17,031,750600
"Census Tract 3102, Cook County, Illinois",58646,17,031,310200
"Census Tract 6912, Cook County, Illinois",-666666666,17,031,691200
"Census Tract 7001, Cook County, Illinois",34777,17,031,700100
"Census Tract 7106, Cook County, Illinois",65833,17,031,710600
"Census Tract 7113, Cook County, Illinois",-666666666,17,031,711300
"Census Tract 7305, Cook County, Illinois",94531,17,031,730500
"Census Tract 7707, Cook County, Illinois",49400,17,031,770700
"Census Tract 8002, Cook County, Illinois",124643,17,031,800200
"Census Tract 8003, Cook County, Illinois",154013,17,031,800300
"Census Tract 8005, Cook County, Illinois",150250,17,031,800500
"Census Tract 8011, Cook County, Illinois",115871,17,031,801100
"Census Tract 8015, Cook County, Illinois",102944,17,031,801500
"Census Tract 8115, Cook County, Illinois",55761,17,031,811500
"Census Tract 8119, Cook County, Illinois",105000,17,031,811900
"Census Tract 1910, Cook County, Illinois",-666666666,17,031,191000
"Census Tract 8056, Cook County, Illinois",83971,17,031,805600
"Census Tract 8060.04, Cook County, Illinois",50739,17,031,806004
"Census Tract 8072, Cook County, Illinois",83125,17,031,807200
"Census Tract 6103, Cook County, Illinois",-666666666,17,031,610300
"Census Tract 6118, Cook County, Illinois",-666666666,17,031,611800
"Census Tract 6812, Cook County, Illinois",-666666666,17,031,681200
"Census Tract 7110, Cook County, Illinois",-666666666,17,031,711000
"Census Tract 8006, Cook County, Illinois",157667,17,031,800600
"Census Tract 6504, Cook County, Illinois",59444,17,031,650400
"Census Tract 6605, Cook County, Illinois",75431,17,031,660500
"Census Tract 6611, Cook County, Illinois",66250,17,031,661100
"Census Tract 6706, Cook County, Illinois",-666666666,17,031,670600
"Census Tract 6905, Cook County, Illinois",-666666666,17,031,690500
"Census Tract 6910, Cook County, Illinois",26488,17,031,691000
"Census Tract 7104, Cook County, Illinois",63409,17,031,710400
"Census Tract 7404, Cook County, Illinois",68333,17,031,740400
"Census Tract 7708, Cook County, Illinois",52000,17,031,770800
"Census Tract 8008, Cook County, Illinois",74474,17,031,800800
"Census Tract 810, Cook County, Illinois",70773,17,031,081000
"Census Tract 304, Cook County, Illinois",70500,17,031,030400
"Census Tract 309, Cook County, Illinois",83871,17,031,030900
"Census Tract 319, Cook County, Illinois",77885,17,031,031900
"Census Tract 502, Cook County, Illinois",101150,17,031,050200
"Census Tract 8116, Cook County, Illinois",51544,17,031,811600
"Census Tract 8118, Cook County, Illinois",60192,17,031,811800
"Census Tract 8144, Cook County, Illinois",-666666666,17,031,814400
"Census Tract 8157.02, Cook County, Illinois",72794,17,031,815702
"Census Tract 8158, Cook County, Illinois",52500,17,031,815800
"Census Tract 8161, Cook County, Illinois",67750,17,031,816100
"Census Tract 1506, Cook County, Illinois",86176,17,031,150600
"Census Tract 8151, Cook County, Illinois",-666666666,17,031,815100
"Census Tract 8181, Cook County, Illinois",62143,17,031,818100
"Census Tract 8294.01, Cook County, Illinois",-666666666,17,031,829401
"Census Tract 408, Cook County, Illinois",75060,17,031,040800
"Census Tract 2229, Cook County, Illinois",63750,17,031,222900
"Census Tract 302, Cook County, Illinois",65577,17,031,030200
"Census Tract 611, Cook County, Illinois",58500,17,031,061100
"Census Tract 2832, Cook County, Illinois",77344,17,031,283200
"Census Tract 4914, Cook County, Illinois",-666666666,17,031,491400
"Census Tract 5502, Cook County, Illinois",61362,17,031,550200
"Census Tract 8274, Cook County, Illinois",-666666666,17,031,827400
"Census Tract 308, Cook County, Illinois",87031,17,031,030800
"Census Tract 505, Cook County, Illinois",85000,17,031,050500
"Census Tract 6304, Cook County, Illinois",23026,17,031,630400
"Census Tract 6703, Cook County, Illinois",-666666666,17,031,670300
"Census Tract 6810, Cook County, Illinois",-666666666,17,031,681000
"Census Tract 7102, Cook County, Illinois",68051,17,031,710200
"Census Tract 7703, Cook County, Illinois",50450,17,031,770300
"Census Tract 8030.07, Cook County, Illinois",89904,17,031,803007
"Census Tract 8164.02, Cook County, Illinois",-666666666,17,031,816402
"Census Tract 3514, Cook County, Illinois",-666666666,17,031,351400
"Census Tract 4212, Cook County, Illinois",56042,17,031,421200
"Census Tract 4912, Cook County, Illinois",80333,17,031,491200
"Census Tract 8054.01, Cook County, Illinois",59250,17,031,805401
"Census Tract 3501, Cook County, Illinois",52813,17,031,350100
"Census Tract 627, Cook County, Illinois",102000,17,031,062700
"Census Tract 8036.06, Cook County, Illinois",36726,17,031,803606
"Census Tract 8016.05, Cook County, Illinois",105919,17,031,801605
"Census Tract 6707, Cook County, Illinois",-666666666,17,031,670700
"Census Tract 8288.01, Cook County, Illinois",73036,17,031,828801
"Census Tract 8292, Cook County, Illinois",57434,17,031,829200
"Census Tract 8293.01, Cook County, Illinois",63824,17,031,829301
"Census Tract 8043.08, Cook County, Illinois",67717,17,031,804308
"Census Tract 8037.02, Cook County, Illinois",79946,17,031,803702
"Census Tract 8041.08, Cook County, Illinois",67738,17,031,804108
"Census Tract 8041.09, Cook County, Illinois",113182,17,031,804109
"Census Tract 8043.09, Cook County, Illinois",60694,17,031,804309
"Census Tract 8043.10, Cook County, Illinois",80905,17,031,804310
"Census Tract 8043.11, Cook County, Illinois",95598,17,031,804311
"Census Tract 8044.03, Cook County, Illinois",58092,17,031,804403
"Census Tract 8044.04, Cook County, Illinois",59500,17,031,804404
"Census Tract 8044.05, Cook County, Illinois",70769,17,031,804405
"Census Tract 8044.06, Cook County, Illinois",71607,17,031,804406
"Census Tract 8045.06, Cook County, Illinois",77105,17,031,804506
"Census Tract 8045.07, Cook County, Illinois",62143,17,031,804507
"Census Tract 8045.08, Cook County, Illinois",85208,17,031,804508
"Census Tract 8045.09, Cook County, Illinois",34844,17,031,804509
"Census Tract 8045.10, Cook County, Illinois",-666666666,17,031,804510
"Census Tract 8045.11, Cook County, Illinois",41442,17,031,804511
"Census Tract 8046.08, Cook County, Illinois",94167,17,031,804608
"Census Tract 8046.09, Cook County, Illinois",92794,17,031,804609
"Census Tract 8046.10, Cook County, Illinois",63603,17,031,804610
"Census Tract 8046.11, Cook County, Illinois",74792,17,031,804611
"Census Tract 8047.13, Cook County, Illinois",92819,17,031,804713
"Census Tract 8047.14, Cook County, Illinois",63438,17,031,804714
"Census Tract 8047.15, Cook County, Illinois",54722,17,031,804715
"Census Tract 8047.16, Cook County, Illinois",82888,17,031,804716
"Census Tract 8061.03, Cook County, Illinois",60385,17,031,806103
"Census Tract 8061.04, Cook County, Illinois",41063,17,031,806104
"Census Tract 8062.01, Cook County, Illinois",91716,17,031,806201
"Census Tract 8062.02, Cook County, Illinois",64554,17,031,806202
"Census Tract 8123.01, Cook County, Illinois",70792,17,031,812301
"Census Tract 8123.02, Cook County, Illinois",95972,17,031,812302
"Census Tract 8128.01, Cook County, Illinois",74569,17,031,812801
"Census Tract 8128.02, Cook County, Illinois",77829,17,031,812802
"Census Tract 8133.01, Cook County, Illinois",-666666666,17,031,813301
"Census Tract 8133.02, Cook County, Illinois",-666666666,17,031,813302
"Census Tract 8137.01, Cook County, Illinois",-666666666,17,031,813701
"Census Tract 8137.02, Cook County, Illinois",-666666666,17,031,813702
"Census Tract 8138.01, Cook County, Illinois",-666666666,17,031,813801
"Census Tract 8138.02, Cook County, Illinois",-666666666,17,031,813802
"Census Tract 8206.03, Cook County, Illinois",90795,17,031,820603
"Census Tract 8206.04, Cook County, Illinois",-666666666,17,031,820604
"Census Tract 8206.05, Cook County, Illinois",-666666666,17,031,820605
"Census Tract 8439, Cook County, Illinois",85242,17,031,843900
"Census Tract 9800, Cook County, Illinois",-666666666,17,031,980000
"Census Tract 9801, Cook County, Illinois",-666666666,17,031,980100
"Census Tract 9900, Cook County, Illinois",-666666666,17,031,990000
"Census Tract 306.03, Cook County, Illinois",50541,17,031,030603
"Census Tract 306.04, Cook County, Illinois",52143,17,031,030604
"Census Tract 307.01, Cook County, Illinois",41193,17,031,030701
"Census Tract 307.02, Cook County, Illinois",82895,17,031,030702
"Census Tract 307.03, Cook County, Illinois",63750,17,031,030703
"Census Tract 307.06, Cook County, Illinois",61635,17,031,030706
"Census Tract 315.01, Cook County, Illinois",64766,17,031,031501
"Census Tract 315.02, Cook County, Illinois",52237,17,031,031502
"Census Tract 402.01, Cook County, Illinois",56515,17,031,040201
"Census Tract 402.02, Cook County, Illinois",46875,17,031,040202
"Census Tract 404.01, Cook County, Illinois",60789,17,031,040401
"Census Tract 404.02, Cook County, Illinois",71250,17,031,040402
"Census Tract 619.01, Cook County, Illinois",61368,17,031,061901
"Census Tract 619.02, Cook County, Illinois",77143,17,031,061902
"Census Tract 633.01, Cook County, Illinois",66417,17,031,063301
"Census Tract 7706.02, Cook County, Illinois",71736,17,031,770602
"Census Tract 7709.01, Cook County, Illinois",54702,17,031,770901
"Census Tract 7709.02, Cook County, Illinois",38750,17,031,770902
"Census Tract 8020.03, Cook County, Illinois",67000,17,031,802003
"Census Tract 8020.04, Cook County, Illinois",51613,17,031,802004
"Census Tract 8235, Cook County, Illinois",-666666666,17,031,823500
"Census Tract 8215, Cook County, Illinois",84417,17,031,821500
"Census Tract 8218, Cook County, Illinois",62022,17,031,821800
"Census Tract 8234, Cook County, Illinois",60987,17,031,823400
"Census Tract 8237.02, Cook County, Illinois",66518,17,031,823702
"Census Tract 8250, Cook County, Illinois",67619,17,031,825000
"Census Tract 8262.01, Cook County, Illinois",60795,17,031,826201
"Census Tract 8263.01, Cook County, Illinois",44350,17,031,826301
"Census Tract 8233.04, Cook County, Illinois",51250,17,031,823304
"Census Tract 8245.07, Cook County, Illinois",56944,17,031,824507
"Census Tract 8248, Cook County, Illinois",78425,17,031,824800
"Census Tract 8249, Cook County, Illinois",131250,17,031,824900
"Census Tract 8254, Cook County, Illinois",58900,17,031,825400
"Census Tract 8255.01, Cook County, Illinois",50268,17,031,825501
"Census Tract 8255.03, Cook County, Illinois",55833,17,031,825503
"Census Tract 8255.05, Cook County, Illinois",61400,17,031,825505
"Census Tract 5306, Cook County, Illinois",67778,17,031,530600
"Census Tract 3108, Cook County, Illinois",21304,17,031,310800
"Census Tract 3302, Cook County, Illinois",105761,17,031,330200
"Census Tract 3405, Cook County, Illinois",60882,17,031,340500
"Census Tract 3515, Cook County, Illinois",40938,17,031,351500
"Census Tract 3903, Cook County, Illinois",60484,17,031,390300
"Census Tract 4008, Cook County, Illinois",-666666666,17,031,400800
"Census Tract 4108, Cook County, Illinois",45000,17,031,410800
"Census Tract 4203, Cook County, Illinois",56053,17,031,420300
"Census Tract 4302, Cook County, Illinois",44670,17,031,430200
"Census Tract 4305, Cook County, Illinois",49653,17,031,430500
"Census Tract 4314, Cook County, Illinois",46507,17,031,431400
"Census Tract 4407, Cook County, Illinois",78000,17,031,440700
"Census Tract 4701, Cook County, Illinois",33656,17,031,470100
"Census Tract 4801, Cook County, Illinois",50703,17,031,480100
"Census Tract 4911, Cook County, Illinois",72863,17,031,491100
"Census Tract 4913, Cook County, Illinois",50865,17,031,491300
"Census Tract 5101, Cook County, Illinois",-666666666,17,031,510100
"Census Tract 5201, Cook County, Illinois",-666666666,17,031,520100
"Census Tract 5301, Cook County, Illinois",45417,17,031,530100
"Census Tract 5302, Cook County, Illinois",-666666666,17,031,530200
"Census Tract 5601, Cook County, Illinois",-666666666,17,031,560100
"Census Tract 8016.03, Cook County, Illinois",62277,17,031,801603
"Census Tract 8016.08, Cook County, Illinois",101447,17,031,801608
"Census Tract 8019.01, Cook County, Illinois",84318,17,031,801901
"Census Tract 8024.02, Cook County, Illinois",57396,17,031,802402
"Census Tract 8030.10, Cook County, Illinois",68309,17,031,803010
"Census Tract 713, Cook County, Illinois",104904,17,031,071300
"Census Tract 803, Cook County, Illinois",98558,17,031,080300
"Census Tract 816, Cook County, Illinois",112788,17,031,081600
"Census Tract 818, Cook County, Illinois",106786,17,031,081800
"Census Tract 819, Cook County, Illinois",185208,17,031,081900
"Census Tract 5703, Cook County, Illinois",-666666666,17,031,570300
"Census Tract 6115, Cook County, Illinois",-666666666,17,031,611500
"Census Tract 6117, Cook County, Illinois",-666666666,17,031,611700
"Census Tract 6202, Cook County, Illinois",55250,17,031,620200
"Census Tract 8163, Cook County, Illinois",40714,17,031,816300
"Census Tract 8170, Cook County, Illinois",57386,17,031,817000
"Census Tract 8185, Cook County, Illinois",77340,17,031,818500
"Census Tract 8187, Cook County, Illinois",79375,17,031,818700
"Census Tract 2001, Cook County, Illinois",61375,17,031,200100
"Census Tract 1609, Cook County, Illinois",78409,17,031,160900
"Census Tract 1709, Cook County, Illinois",56875,17,031,170900
"Census Tract 2203, Cook County, Illinois",69167,17,031,220300
"Census Tract 6301, Cook County, Illinois",-666666666,17,031,630100
"Census Tract 6610, Cook County, Illinois",73646,17,031,661000
"Census Tract 6702, Cook County, Illinois",-666666666,17,031,670200
"Census Tract 104, Cook County, Illinois",58750,17,031,010400
"Census Tract 3801, Cook County, Illinois",76875,17,031,380100
"Census Tract 6718, Cook County, Illinois",97813,17,031,671800
"Census Tract 6911, Cook County, Illinois",-666666666,17,031,691100
"Census Tract 5303, Cook County, Illinois",60938,17,031,530300
"Census Tract 5609, Cook County, Illinois",76250,17,031,560900
"Census Tract 5803, Cook County, Illinois",-666666666,17,031,580300
"Census Tract 6113, Cook County, Illinois",-666666666,17,031,611300
"Census Tract 6116, Cook County, Illinois",-666666666,17,031,611600
"Census Tract 6203, Cook County, Illinois",63958,17,031,620300
"Census Tract 6204, Cook County, Illinois",-666666666,17,031,620400
"Census Tract 8190, Cook County, Illinois",101715,17,031,819000
"Census Tract 8193, Cook County, Illinois",80625,17,031,819300
"Census Tract 8204, Cook County, Illinois",-666666666,17,031,820400
"Census Tract 8208, Cook County, Illinois",51591,17,031,820800
"Census Tract 1701, Cook County, Illinois",-666666666,17,031,170100
"Census Tract 1707, Cook County, Illinois",71875,17,031,170700
"Census Tract 1901, Cook County, Illinois",41094,17,031,190100
"Census Tract 2205, Cook County, Illinois",75769,17,031,220500
"Census Tract 2227, Cook County, Illinois",73333,17,031,222700
"Census Tract 2312, Cook County, Illinois",-666666666,17,031,231200
"Census Tract 2315, Cook County, Illinois",-666666666,17,031,231500
"Census Tract 2405, Cook County, Illinois",94792,17,031,240500
"Census Tract 2409, Cook County, Illinois",62273,17,031,240900
"Census Tract 2422, Cook County, Illinois",75000,17,031,242200
"Census Tract 2435, Cook County, Illinois",99107,17,031,243500
"Census Tract 2505, Cook County, Illinois",56776,17,031,250500
"Census Tract 2510, Cook County, Illinois",45903,17,031,251000
"Census Tract 2514, Cook County, Illinois",32292,17,031,251400
"Census Tract 2608, Cook County, Illinois",49271,17,031,260800
"Census Tract 501, Cook County, Illinois",66964,17,031,050100
"Census Tract 507, Cook County, Illinois",86696,17,031,050700
"Census Tract 621, Cook County, Illinois",94297,17,031,062100
"Census Tract 6201, Cook County, Illinois",83500,17,031,620100
"Census Tract 6308, Cook County, Illinois",72000,17,031,630800
"Census Tract 6407, Cook County, Illinois",57037,17,031,640700
"Census Tract 6501, Cook County, Illinois",-666666666,17,031,650100
"Census Tract 6705, Cook County, Illinois",-666666666,17,031,670500
"Census Tract 6719, Cook County, Illinois",-666666666,17,031,671900
"Census Tract 8300.06, Cook County, Illinois",55625,17,031,830006
"Census Tract 8302.01, Cook County, Illinois",49310,17,031,830201
"Census Tract 8088, Cook County, Illinois",101597,17,031,808800
"Census Tract 8092, Cook County, Illinois",47105,17,031,809200
"Census Tract 8105.01, Cook County, Illinois",61739,17,031,810501
"Census Tract 8111, Cook County, Illinois",67563,17,031,811100
"Census Tract 8112, Cook County, Illinois",55679,17,031,811200
"Census Tract 8125, Cook County, Illinois",77857,17,031,812500
"Census Tract 8127, Cook County, Illinois",63706,17,031,812700
"Census Tract 8140, Cook County, Illinois",56146,17,031,814000
"Census Tract 8150, Cook County, Illinois",-666666666,17,031,815000
"Census Tract 8154, Cook County, Illinois",49128,17,031,815400
"Census Tract 8166, Cook County, Illinois",37137,17,031,816600
"Census Tract 8171.01, Cook County, Illinois",50801,17,031,817101
"Census Tract 8172, Cook County, Illinois",-666666666,17,031,817200
"Census Tract 8174, Cook County, Illinois",-666666666,17,031,817400
"Census Tract 8199, Cook County, Illinois",118000,17,031,819900
"Census Tract 8205.01, Cook County, Illinois",92813,17,031,820501
"Census Tract 8224, Cook County, Illinois",34962,17,031,822400
"Census Tract 8228.02, Cook County, Illinois",82159,17,031,822802
"Census Tract 8233.03, Cook County, Illinois",39391,17,031,823303
"Census Tract 8236.04, Cook County, Illinois",71771,17,031,823604
"Census Tract 2003, Cook County, Illinois",39779,17,031,200300
"Census Tract 1101, Cook County, Illinois",74735,17,031,110100
"Census Tract 1102, Cook County, Illinois",65880,17,031,110200
"Census Tract 1302, Cook County, Illinois",101719,17,031,130200
"Census Tract 8030.05, Cook County, Illinois",73920,17,031,803005
"Census Tract 8033, Cook County, Illinois",82019,17,031,803300
"Census Tract 8036.05, Cook County, Illinois",86411,17,031,803605
"Census Tract 2718, Cook County, Illinois",-666666666,17,031,271800
"Census Tract 2808, Cook County, Illinois",51250,17,031,280800
"Census Tract 2809, Cook County, Illinois",121136,17,031,280900
"Census Tract 2819, Cook County, Illinois",81399,17,031,281900
"Census Tract 2912, Cook County, Illinois",-666666666,17,031,291200
"Census Tract 8039.02, Cook County, Illinois",71250,17,031,803902
"Census Tract 8041.04, Cook County, Illinois",113750,17,031,804104
"Census Tract 8041.05, Cook County, Illinois",101444,17,031,804105
"Census Tract 8042.02, Cook County, Illinois",104902,17,031,804202
"Census Tract 8048.05, Cook County, Illinois",66146,17,031,804805
"Census Tract 8300.04, Cook County, Illinois",62022,17,031,830004
"Census Tract 8300.05, Cook County, Illinois",77917,17,031,830005
"Census Tract 8206.06, Cook County, Illinois",68828,17,031,820606
"Census Tract 8238.05, Cook County, Illinois",58370,17,031,823805
"Census Tract 8238.06, Cook County, Illinois",75750,17,031,823806
"Census Tract 8240.03, Cook County, Illinois",69531,17,031,824003
"Census Tract 8240.04, Cook County, Illinois",89297,17,031,824004
"Census Tract 8240.05, Cook County, Illinois",82964,17,031,824005
"Census Tract 8240.06, Cook County, Illinois",152614,17,031,824006
"Census Tract 8241.13, Cook County, Illinois",67708,17,031,824113
"Census Tract 8241.14, Cook County, Illinois",70625,17,031,824114
"Census Tract 8241.15, Cook County, Illinois",64074,17,031,824115
"Census Tract 8241.16, Cook County, Illinois",90855,17,031,824116
"Census Tract 8241.17, Cook County, Illinois",88421,17,031,824117
"Census Tract 8241.19, Cook County, Illinois",70461,17,031,824119
"Census Tract 8241.20, Cook County, Illinois",97963,17,031,824120
"Census Tract 8241.21, Cook County, Illinois",63438,17,031,824121
"Census Tract 8241.22, Cook County, Illinois",65463,17,031,824122
"Census Tract 8241.23, Cook County, Illinois",83607,17,031,824123
"Census Tract 8253.03, Cook County, Illinois",47738,17,031,825303
"Census Tract 8253.04, Cook County, Illinois",66750,17,031,825304
"Census Tract 8300.07, Cook County, Illinois",54702,17,031,830007
"Census Tract 8300.08, Cook County, Illinois",68750,17,031,830008
"Census Tract 8305, Cook County, Illinois",-666666666,17,031,830500
"Census Tract 8306, Cook County, Illinois",60882,17,031,830600
"Census Tract 8307, Cook County, Illinois",73795,17,031,830700
"Census Tract 8308, Cook County, Illinois",63661,17,031,830800
"Census Tract 8309, Cook County, Illinois",83636,17,031,830900
"Census Tract 8310, Cook County, Illinois",108750,17,031,831000
"Census Tract 8311, Cook County, Illinois",59643,17,031,831100
"Census Tract 8312, Cook County, Illinois",3542,17,031,831200
"Census Tract 8313, Cook County, Illinois",-666666666,17,031,831300
"Census Tract 8314, Cook County, Illinois",-666666666,17,031,831400
"Census Tract 8315, Cook County, Illinois",69038,17,031,831500
"Census Tract 8316, Cook County, Illinois",-666666666,17,031,831600
"Census Tract 8317, Cook County, Illinois",82697,17,031,831700
"Census Tract 8318, Cook County, Illinois",47278,17,031,831800
"Census Tract 8319, Cook County, Illinois",72125,17,031,831900
"Census Tract 8320, Cook County, Illinois",84931,17,031,832000
"Census Tract 8321, Cook County, Illinois",69803,17,031,832100
"Census Tract 8322, Cook County, Illinois",77429,17,031,832200
"Census Tract 8323, Cook County, Illinois",86667,17,031,832300
"Census Tract 8324, Cook County, Illinois",70694,17,031,832400
"Census Tract 8325, Cook County, Illinois",125139,17,031,832500
"Census Tract 8326, Cook County, Illinois",96875,17,031,832600
"Census Tract 8329, Cook County, Illinois",42167,17,031,832900
"Census Tract 8330, Cook County, Illinois",80781,17,031,833000
"Census Tract 633.02, Cook County, Illinois",70278,17,031,063302
"Census Tract 633.03, Cook County, Illinois",77500,17,031,063303
"Census Tract 701.01, Cook County, Illinois",70889,17,031,070101
"Census Tract 701.02, Cook County, Illinois",80809,17,031,070102
"Census Tract 701.03, Cook County, Illinois",57391,17,031,070103
"Census Tract 802.01, Cook County, Illinois",80257,17,031,080201
"Census Tract 802.02, Cook County, Illinois",75521,17,031,080202
"Census Tract 812.01, Cook County, Illinois",95013,17,031,081201
"Census Tract 812.02, Cook County, Illinois",95139,17,031,081202
"Census Tract 814.01, Cook County, Illinois",103920,17,031,081401
"Census Tract 814.02, Cook County, Illinois",117083,17,031,081402
"Census Tract 814.03, Cook County, Illinois",104720,17,031,081403
"Census Tract 1105.01, Cook County, Illinois",62609,17,031,110501
"Census Tract 1105.02, Cook County, Illinois",69306,17,031,110502
"Census Tract 8331, Cook County, Illinois",105886,17,031,833100
"Census Tract 8333, Cook County, Illinois",49792,17,031,833300
"Census Tract 8339, Cook County, Illinois",145750,17,031,833900
"Census Tract 8340, Cook County, Illinois",51306,17,031,834000
"Census Tract 8342, Cook County, Illinois",57118,17,031,834200
"Census Tract 8343, Cook County, Illinois",70417,17,031,834300
"Census Tract 8344, Cook County, Illinois",62096,17,031,834400
"Census Tract 8345, Cook County, Illinois",38100,17,031,834500
"Census Tract 8346, Cook County, Illinois",-666666666,17,031,834600
"Census Tract 8347, Cook County, Illinois",-666666666,17,031,834700
"Census Tract 8348, Cook County, Illinois",-666666666,17,031,834800
"Census Tract 8349, Cook County, Illinois",-666666666,17,031,834900
"Census Tract 8350, Cook County, Illinois",46711,17,031,835000
"Census Tract 8351, Cook County, Illinois",45625,17,031,835100
"Census Tract 8352, Cook County, Illinois",-666666666,17,031,835200
"Census Tract 8355, Cook County, Illinois",-666666666,17,031,835500
"Census Tract 8356, Cook County, Illinois",-666666666,17,031,835600
"Census Tract 8357, Cook County, Illinois",-666666666,17,031,835700
"Census Tract 8358, Cook County, Illinois",89327,17,031,835800
"Census Tract 8359, Cook County, Illinois",88750,17,031,835900
"Census Tract 8360, Cook County, Illinois",83359,17,031,836000
"Census Tract 8361, Cook County, Illinois",92868,17,031,836100
"Census Tract 8362, Cook County, Illinois",26750,17,031,836200
"Census Tract 3404, Cook County, Illinois",33700,17,031,340400
"Census Tract 3602, Cook County, Illinois",-666666666,17,031,360200
"Census Tract 1908, Cook County, Illinois",67576,17,031,190800
"Census Tract 1912, Cook County, Illinois",-666666666,17,031,191200
"Census Tract 2101, Cook County, Illinois",54821,17,031,210100
"Census Tract 2204, Cook County, Illinois",65446,17,031,220400
"Census Tract 2408, Cook County, Illinois",50000,17,031,240800
"Census Tract 2430, Cook County, Illinois",65833,17,031,243000
"Census Tract 2508, Cook County, Illinois",-666666666,17,031,250800
"Census Tract 2517, Cook County, Illinois",-666666666,17,031,251700
"Census Tract 8184.01, Cook County, Illinois",77614,17,031,818401
"Census Tract 8165, Cook County, Illinois",31429,17,031,816500
"Census Tract 4301.01, Cook County, Illinois",-666666666,17,031,430101
"Census Tract 4301.02, Cook County, Illinois",38438,17,031,430102
"Census Tract 4313.01, Cook County, Illinois",67188,17,031,431301
"Census Tract 4313.02, Cook County, Illinois",58750,17,031,431302
"Census Tract 4401.01, Cook County, Illinois",-666666666,17,031,440101
"Census Tract 4401.02, Cook County, Illinois",-666666666,17,031,440102
"Census Tract 4402.01, Cook County, Illinois",42400,17,031,440201
"Census Tract 4402.02, Cook County, Illinois",43900,17,031,440202
"Census Tract 4603.01, Cook County, Illinois",-666666666,17,031,460301
"Census Tract 4603.02, Cook County, Illinois",-666666666,17,031,460302
"Census Tract 4909.01, Cook County, Illinois",44333,17,031,490901
"Census Tract 4909.02, Cook County, Illinois",45192,17,031,490902
"Census Tract 5305.01, Cook County, Illinois",93177,17,031,530501
"Census Tract 5305.02, Cook County, Illinois",79000,17,031,530502
"Census Tract 5305.03, Cook County, Illinois",47933,17,031,530503
"Census Tract 5401.01, Cook County, Illinois",-666666666,17,031,540101
"Census Tract 5401.02, Cook County, Illinois",-666666666,17,031,540102
"Census Tract 5805.01, Cook County, Illinois",-666666666,17,031,580501
"Census Tract 5805.02, Cook County, Illinois",61758,17,031,580502
"Census Tract 6503.01, Cook County, Illinois",85000,17,031,650301
"Census Tract 6503.02, Cook County, Illinois",42663,17,031,650302
"Census Tract 6603.01, Cook County, Illinois",-666666666,17,031,660301
"Census Tract 6603.02, Cook County, Illinois",71875,17,031,660302
"Census Tract 7003.01, Cook County, Illinois",65714,17,031,700301
"Census Tract 7003.02, Cook County, Illinois",67929,17,031,700302
"Census Tract 7004.01, Cook County, Illinois",53088,17,031,700401
"Census Tract 7004.02, Cook County, Illinois",83011,17,031,700402
"Census Tract 7005.01, Cook County, Illinois",60804,17,031,700501
"Census Tract 7005.02, Cook County, Illinois",87250,17,031,700502
"Census Tract 7302.01, Cook County, Illinois",60022,17,031,730201
"Census Tract 7302.02, Cook County, Illinois",51563,17,031,730202
"Census Tract 7608.01, Cook County, Illinois",54100,17,031,760801
"Census Tract 7608.02, Cook County, Illinois",84659,17,031,760802
"Census Tract 7608.03, Cook County, Illinois",57292,17,031,760803
"Census Tract 7702.01, Cook County, Illinois",49853,17,031,770201
"Census Tract 7702.02, Cook County, Illinois",58235,17,031,770202
"Census Tract 7706.01, Cook County, Illinois",-666666666,17,031,770601
"Census Tract 1505.01, Cook County, Illinois",75662,17,031,150501
"Census Tract 1505.02, Cook County, Illinois",64321,17,031,150502
"Census Tract 1510.01, Cook County, Illinois",52353,17,031,151001
"Census Tract 1510.02, Cook County, Illinois",81750,17,031,151002
"Census Tract 1605.01, Cook County, Illinois",83359,17,031,160501
"Census Tract 1605.02, Cook County, Illinois",65417,17,031,160502
"Census Tract 1606.01, Cook County, Illinois",76140,17,031,160601
"Census Tract 1606.02, Cook County, Illinois",61844,17,031,160602
"Census Tract 1904.01, Cook County, Illinois",54276,17,031,190401
"Census Tract 1904.02, Cook County, Illinois",77750,17,031,190402
"Census Tract 1906.01, Cook County, Illinois",-666666666,17,031,190601
"Census Tract 1906.02, Cook County, Illinois",44219,17,031,190602
"Census Tract 1907.01, Cook County, Illinois",60179,17,031,190701
"Census Tract 1907.02, Cook County, Illinois",-666666666,17,031,190702
"Census Tract 1913.01, Cook County, Illinois",16121,17,031,191301
"Census Tract 1913.02, Cook County, Illinois",84750,17,031,191302
"Census Tract 2004.01, Cook County, Illinois",37308,17,031,200401
"Census Tract 2004.02, Cook County, Illinois",-666666666,17,031,200402
"Census Tract 2105.01, Cook County, Illinois",74375,17,031,210501
"Census Tract 3109, Cook County, Illinois",60536,17,031,310900
"Census Tract 4205, Cook County, Illinois",74063,17,031,420500
"Census Tract 4304, Cook County, Illinois",37339,17,031,430400
"Census Tract 4306, Cook County, Illinois",93750,17,031,430600
"Census Tract 4409, Cook County, Illinois",54750,17,031,440900
"Census Tract 4601, Cook County, Illinois",37604,17,031,460100
"Census Tract 4805, Cook County, Illinois",53889,17,031,480500
"Census Tract 2831, Cook County, Illinois",49833,17,031,283100
"Census Tract 3007, Cook County, Illinois",41833,17,031,300700
"Census Tract 3008, Cook County, Illinois",59444,17,031,300800
"Census Tract 3406, Cook County, Illinois",-666666666,17,031,340600
"Census Tract 3403, Cook County, Illinois",53750,17,031,340300
"Census Tract 3510, Cook County, Illinois",65217,17,031,351000
"Census Tract 8143, Cook County, Illinois",43750,17,031,814300
"Census Tract 8159, Cook County, Illinois",47628,17,031,815900
"Census Tract 8087.02, Cook County, Illinois",95139,17,031,808702
"Census Tract 6606, Cook County, Illinois",-666666666,17,031,660600
"Census Tract 6701, Cook County, Illinois",-666666666,17,031,670100
"Census Tract 6708, Cook County, Illinois",-666666666,17,031,670800
"Census Tract 6711, Cook County, Illinois",-666666666,17,031,671100
"Census Tract 6712, Cook County, Illinois",-666666666,17,031,671200
"Census Tract 6714, Cook County, Illinois",-666666666,17,031,671400
"Census Tract 6715, Cook County, Illinois",-666666666,17,031,671500
"Census Tract 6716, Cook County, Illinois",-666666666,17,031,671600
"Census Tract 6720, Cook County, Illinois",30701,17,031,672000
"Census Tract 8262.02, Cook County, Illinois",35950,17,031,826202
"Census Tract 8266, Cook County, Illinois",63821,17,031,826600
"Census Tract 8268, Cook County, Illinois",72604,17,031,826800
"Census Tract 5001, Cook County, Illinois",43162,17,031,500100
"Census Tract 5204, Cook County, Illinois",-666666666,17,031,520400
"Census Tract 8209.02, Cook County, Illinois",41422,17,031,820902
"Census Tract 8210.01, Cook County, Illinois",76250,17,031,821001
"Census Tract 8210.02, Cook County, Illinois",57813,17,031,821002
"Census Tract 8222, Cook County, Illinois",51771,17,031,822200
"Census Tract 8225, Cook County, Illinois",62121,17,031,822500
"Census Tract 8228.01, Cook County, Illinois",69130,17,031,822801
"Census Tract 8232, Cook County, Illinois",61786,17,031,823200
"Census Tract 8236.03, Cook County, Illinois",6920,17,031,823603
"Census Tract 8237.05, Cook County, Illinois",45990,17,031,823705
"Census Tract 8241.07, Cook County, Illinois",66875,17,031,824107
"Census Tract 8243, Cook County, Illinois",45764,17,031,824300
"Census Tract 8255.04, Cook County, Illinois",24766,17,031,825504
"Census Tract 8257, Cook County, Illinois",80536,17,031,825700
"Census Tract 8258.03, Cook County, Illinois",85694,17,031,825803
"Census Tract 3104, Cook County, Illinois",48750,17,031,310400
"Census Tract 3106, Cook County, Illinois",-666666666,17,031,310600
"Census Tract 8294.02, Cook County, Illinois",-666666666,17,031,829402
"Census Tract 8296, Cook County, Illinois",-666666666,17,031,829600
"Census Tract 8297, Cook County, Illinois",47813,17,031,829700
"Census Tract 8298, Cook County, Illinois",83481,17,031,829800
"Census Tract 8304, Cook County, Illinois",69009,17,031,830400
"Census Tract 8007, Cook County, Illinois",152872,17,031,800700
"Census Tract 8025.03, Cook County, Illinois",60625,17,031,802503
"Census Tract 8017.01, Cook County, Illinois",109706,17,031,801701
"Census Tract 8019.02, Cook County, Illinois",157159,17,031,801902
"Census Tract 8020.02, Cook County, Illinois",92143,17,031,802002
"Census Tract 8025.04, Cook County, Illinois",71797,17,031,802504
"Census Tract 8027.02, Cook County, Illinois",73468,17,031,802702
"Census Tract 8030.08, Cook County, Illinois",99704,17,031,803008
"Census Tract 8032, Cook County, Illinois",74375,17,031,803200
"Census Tract 8035, Cook County, Illinois",65398,17,031,803500
"Census Tract 8041.02, Cook County, Illinois",105536,17,031,804102
"Census Tract 8245.05, Cook County, Illinois",54716,17,031,824505
"Census Tract 8259, Cook County, Illinois",67045,17,031,825900
"Census Tract 8260, Cook County, Illinois",-666666666,17,031,826000
"Census Tract 8261, Cook County, Illinois",82770,17,031,826100
"Census Tract 8263.04, Cook County, Illinois",75083,17,031,826304
"Census Tract 2423, Cook County, Illinois",62244,17,031,242300
"Census Tract 2504, Cook County, Illinois",39468,17,031,250400
"Census Tract 2516, Cook County, Illinois",72554,17,031,251600
"Census Tract 2518, Cook County, Illinois",44524,17,031,251800
"Census Tract 2609, Cook County, Illinois",-666666666,17,031,260900
"Census Tract 2712, Cook County, Illinois",-666666666,17,031,271200
"Census Tract 8219, Cook County, Illinois",60240,17,031,821900
"Census Tract 8236.02, Cook County, Illinois",51765,17,031,823602
"Census Tract 8241.08, Cook County, Illinois",83036,17,031,824108
"Census Tract 8188, Cook County, Illinois",70123,17,031,818800
"Census Tract 1911, Cook County, Illinois",-666666666,17,031,191100
"Census Tract 2304, Cook County, Illinois",69688,17,031,230400
"Census Tract 2429, Cook County, Illinois",60741,17,031,242900
"Census Tract 5704, Cook County, Illinois",78750,17,031,570400
"Census Tract 8223.02, Cook County, Illinois",59323,17,031,822302
"Census Tract 8239.03, Cook County, Illinois",73527,17,031,823903
"Census Tract 8256, Cook County, Illinois",78636,17,031,825600
"Census Tract 8284.01, Cook County, Illinois",60500,17,031,828401
"Census Tract 8279.01, Cook County, Illinois",76406,17,031,827901
"Census Tract 811, Cook County, Illinois",89107,17,031,081100
"Census Tract 1103, Cook County, Illinois",67596,17,031,110300
"Census Tract 1902, Cook County, Illinois",72469,17,031,190200
"Census Tract 2213, Cook County, Illinois",58167,17,031,221300
"Census Tract 2512, Cook County, Illinois",63056,17,031,251200
"Census Tract 2828, Cook County, Illinois",52321,17,031,282800
"Census Tract 2606, Cook County, Illinois",-666666666,17,031,260600
"Census Tract 6814, Cook County, Illinois",-666666666,17,031,681400
"Census Tract 6909, Cook County, Illinois",95089,17,031,690900
"Census Tract 6914, Cook County, Illinois",78846,17,031,691400
"Census Tract 7105, Cook County, Illinois",-666666666,17,031,710500
"Census Tract 7111, Cook County, Illinois",51691,17,031,711100
"Census Tract 7112, Cook County, Illinois",83214,17,031,711200
"Census Tract 7307, Cook County, Illinois",66042,17,031,730700
"Census Tract 7704, Cook County, Illinois",51951,17,031,770400
"Census Tract 8023, Cook County, Illinois",156607,17,031,802300
"Census Tract 8027.01, Cook County, Illinois",77538,17,031,802701
"Census Tract 8028.02, Cook County, Illinois",77292,17,031,802802
"Census Tract 8095, Cook County, Illinois",75441,17,031,809500
"Census Tract 2909, Cook County, Illinois",-666666666,17,031,290900
"Census Tract 1104, Cook County, Illinois",67198,17,031,110400
"Census Tract 1202, Cook County, Illinois",93667,17,031,120200
"Census Tract 1507, Cook County, Illinois",73056,17,031,150700
"Census Tract 1613, Cook County, Illinois",53125,17,031,161300
"Census Tract 2104, Cook County, Illinois",42250,17,031,210400
"Census Tract 2108, Cook County, Illinois",73333,17,031,210800
"Census Tract 2216, Cook County, Illinois",82731,17,031,221600
"Census Tract 8018, Cook County, Illinois",100060,17,031,801800
"Census Tract 8029, Cook County, Illinois",80893,17,031,802900
"Census Tract 8036.04, Cook County, Illinois",89625,17,031,803604
"Census Tract 8038, Cook County, Illinois",79773,17,031,803800
"Census Tract 8045.05, Cook County, Illinois",74063,17,031,804505
"Census Tract 8047.01, Cook County, Illinois",62750,17,031,804701
"Census Tract 8047.06, Cook County, Illinois",77000,17,031,804706
"Census Tract 6302, Cook County, Illinois",-666666666,17,031,630200
"Census Tract 5807, Cook County, Illinois",43854,17,031,580700
"Census Tract 5906, Cook County, Illinois",58264,17,031,590600
"Census Tract 6007, Cook County, Illinois",59375,17,031,600700
"Census Tract 6119, Cook County, Illinois",57500,17,031,611900
"Census Tract 2222, Cook County, Illinois",90313,17,031,222200
"Census Tract 2225, Cook County, Illinois",54750,17,031,222500
"Census Tract 2228, Cook County, Illinois",41250,17,031,222800
"Census Tract 2307, Cook County, Illinois",42434,17,031,230700
"Census Tract 2402, Cook County, Illinois",104853,17,031,240200
"Census Tract 2414, Cook County, Illinois",78646,17,031,241400
"Census Tract 2424, Cook County, Illinois",62188,17,031,242400
"Census Tract 2425, Cook County, Illinois",56851,17,031,242500
"Census Tract 2426, Cook County, Illinois",62212,17,031,242600
"Census Tract 2427, Cook County, Illinois",61696,17,031,242700
"Census Tract 2431, Cook County, Illinois",63482,17,031,243100
"Census Tract 2433, Cook County, Illinois",61691,17,031,243300
"Census Tract 2503, Cook County, Illinois",93021,17,031,250300
"Census Tract 2515, Cook County, Illinois",72000,17,031,251500
"Census Tract 8036.08, Cook County, Illinois",103500,17,031,803608
"Census Tract 8040, Cook County, Illinois",78333,17,031,804000
"Census Tract 8043.06, Cook County, Illinois",66375,17,031,804306
"Census Tract 8046.03, Cook County, Illinois",63622,17,031,804603
"Census Tract 8047.12, Cook County, Illinois",85909,17,031,804712
"Census Tract 8048.06, Cook County, Illinois",47344,17,031,804806
"Census Tract 8048.07, Cook County, Illinois",60568,17,031,804807
"Census Tract 8048.09, Cook County, Illinois",73229,17,031,804809
"Census Tract 8198.01, Cook County, Illinois",105250,17,031,819801
"Census Tract 8205.02, Cook County, Illinois",-666666666,17,031,820502
"Census Tract 8209.01, Cook County, Illinois",51875,17,031,820901
"Census Tract 8220, Cook County, Illinois",-666666666,17,031,822000
"Census Tract 8226.01, Cook County, Illinois",58854,17,031,822601
"Census Tract 8227.02, Cook County, Illinois",68750,17,031,822702
"Census Tract 8244, Cook County, Illinois",-666666666,17,031,824400
"Census Tract 8246.02, Cook County, Illinois",57014,17,031,824602
"Census Tract 311, Cook County, Illinois",59063,17,031,031100
"Census Tract 3817, Cook County, Illinois",-666666666,17,031,381700
"Census Tract 3901, Cook County, Illinois",84479,17,031,390100
"Census Tract 3807, Cook County, Illinois",56111,17,031,380700
"Census Tract 3812, Cook County, Illinois",85927,17,031,381200
"Census Tract 3902, Cook County, Illinois",98958,17,031,390200
"Census Tract 4003, Cook County, Illinois",78929,17,031,400300
"Census Tract 406, Cook County, Illinois",63274,17,031,040600
