NAME,S1903_C03_001E,state,county,tract
Census Tract 101; Cook County; Illinois,68196,17,031,010100
Census Tract 102.01; Cook County; Illinois,61071,17,031,010201
Census Tract 102.02; Cook County; Illinois,58698,17,031,010202
Census Tract 103; Cook County; Illinois,68336,17,031,010300
Census Tract 104; Cook County; Illinois,48630,17,031,010400
Census Tract 105.01; Cook County; Illinois,47858,17,031,010501
Census Tract 105.02; Cook County; Illinois,55813,17,031,010502
Census Tract 105.03; Cook County; Illinois,18750,17,031,010503
Census Tract 106; Cook County; Illinois,66313,17,031,010600
Census Tract 107.01; Cook County; Illinois,70542,17,031,010701
Census Tract 107.02; Cook County; Illinois,52193,17,031,010702
Census Tract 201; Cook County; Illinois,57029,17,031,020100
Census Tract 202; Cook County; Illinois,117005,17,031,020200
Census Tract 203.01; Cook County; Illinois,73539,17,031,020301
Census Tract 203.02; Cook County; Illinois,84205,17,031,020302
Census Tract 204; Cook County; Illinois,76607,17,031,020400
Census Tract 205; Cook County; Illinois,43948,17,031,020500
Census Tract 206.01; Cook County; Illinois,61046,17,031,020601
Census Tract 206.02; Cook County; Illinois,83839,17,031,020602
Census Tract 207.01; Cook County; Illinois,92024,17,031,020701
Census Tract 207.02; Cook County; Illinois,68897,17,031,020702
Census Tract 208.01; Cook County; Illinois,71953,17,031,020801
Census Tract 208.02; Cook County; Illinois,62212,17,031,020802
Census Tract 209.01; Cook County; Illinois,50243,17,031,020901
Census Tract 209.02; Cook County; Illinois,49432,17,031,020902
Census Tract 301.01; Cook County; Illinois,50696,17,031,030101
Census Tract 301.02; Cook County; Illinois,55067,17,031,030102
Census Tract 301.03; Cook County; Illinois,53684,17,031,030103
Census Tract 301.04; Cook County; Illinois,45865,17,031,030104
Census Tract 302; Cook County; Illinois,91406,17,031,030200
Census Tract 303; Cook County; Illinois,64662,17,031,030300
Census Tract 304; Cook County; Illinois,97143,17,031,030400
Census Tract 305; Cook County; Illinois,109375,17,031,030500
Census Tract 306.01; Cook County; Illinois,51808,17,031,030601
Census Tract 306.03; Cook County; Illinois,54300,17,031,030603
Census Tract 306.04; Cook County; Illinois,49816,17,031,030604
Census Tract 307.01; Cook County; Illinois,47614,17,031,030701
Census Tract 307.02; Cook County; Illinois,69050,17,031,030702
Census Tract 307.03; Cook County; Illinois,56667,17,031,030703
Census Tract 307.06; Cook County; Illinois,54143,17,031,030706
Census Tract 308; Cook County; Illinois,96069,17,031,030800
Census Tract 309; Cook County; Illinois,102309,17,031,030900
Census Tract 310; Cook County; Illinois,121026,17,031,031000
Census Tract 311; Cook County; Illinois,79010,17,031,031100
Census Tract 312; Cook County; Illinois,24389,17,031,031200
Census Tract 313; Cook County; Illinois,64598,17,031,031300
Census Tract 314; Cook County; Illinois,82526,17,031,031400
Census Tract 315.01; Cook County; Illinois,48889,17,031,031501
Census Tract 315.02; Cook County; Illinois,47188,17,031,031502
Census Tract 317; Cook County; Illinois,84766,17,031,031700
Census Tract 318; Cook County; Illinois,80873,17,031,031800
Census Tract 319; Cook County; Illinois,93864,17,031,031900
Census Tract 321; Cook County; Illinois,69313,17,031,032100
Census Tract 401; Cook County; Illinois,93576,17,031,040100
Census Tract 402.01; Cook County; Illinois,99624,17,031,040201
Census Tract 402.02; Cook County; Illinois,58293,17,031,040202
Census Tract 403; Cook County; Illinois,86979,17,031,040300
Census Tract 404.01; Cook County; Illinois,107083,17,031,040401
Census Tract 404.02; Cook County; Illinois,94132,17,031,040402
Census Tract 406; Cook County; Illinois,97596,17,031,040600
Census Tract 407; Cook County; Illinois,105400,17,031,040700
Census Tract 408; Cook County; Illinois,105500,17,031,040800
Census Tract 409; Cook County; Illinois,79803,17,031,040900
Census Tract 501; Cook County; Illinois,123929,17,031,050100
Census Tract 502; Cook County; Illinois,138546,17,031,050200
Census Tract 503; Cook County; Illinois,163625,17,031,050300
Census Tract 505; Cook County; Illinois,142548,17,031,050500
Census Tract 506; Cook County; Illinois,109188,17,031,050600
Census Tract 507; Cook County; Illinois,125438,17,031,050700
Census Tract 508; Cook County; Illinois,172888,17,031,050800
Census Tract 509; Cook County; Illinois,130769,17,031,050900
Census Tract 510; Cook County; Illinois,180500,17,031,051000
Census Tract 511; Cook County; Illinois,159145,17,031,051100
Census Tract 512; Cook County; Illinois,166771,17,031,051200
Census Tract 513; Cook County; Illinois,218403,17,031,051300
Census Tract 514; Cook County; Illinois,154044,17,031,051400
Census Tract 601; Cook County; Illinois,135272,17,031,060100
Census Tract 602; Cook County; Illinois,89167,17,031,060200
Census Tract 603; Cook County; Illinois,140125,17,031,060300
Census Tract 604; Cook County; Illinois,162011,17,031,060400
Census Tract 605; Cook County; Illinois,54250,17,031,060500
Census Tract 608; Cook County; Illinois,81156,17,031,060800
Census Tract 609; Cook County; Illinois,83601,17,031,060900
Census Tract 610; Cook County; Illinois,127872,17,031,061000
Census Tract 611; Cook County; Illinois,108158,17,031,061100
Census Tract 612; Cook County; Illinois,109479,17,031,061200
Census Tract 615; Cook County; Illinois,133000,17,031,061500
Census Tract 618; Cook County; Illinois,69250,17,031,061800
Census Tract 619.01; Cook County; Illinois,61563,17,031,061901
Census Tract 619.02; Cook County; Illinois,86805,17,031,061902
Census Tract 620; Cook County; Illinois,110250,17,031,062000
Census Tract 621; Cook County; Illinois,99212,17,031,062100
Census Tract 622; Cook County; Illinois,198333,17,031,062200
Census Tract 623; Cook County; Illinois,227750,17,031,062300
Census Tract 624; Cook County; Illinois,162500,17,031,062400
Census Tract 625; Cook County; Illinois,145903,17,031,062500
Census Tract 626; Cook County; Illinois,195357,17,031,062600
Census Tract 627; Cook County; Illinois,151080,17,031,062700
Census Tract 628; Cook County; Illinois,166538,17,031,062800
Census Tract 629; Cook County; Illinois,159088,17,031,062900
Census Tract 630; Cook County; Illinois,104052,17,031,063000
Census Tract 631; Cook County; Illinois,99483,17,031,063100
Census Tract 632; Cook County; Illinois,81020,17,031,063200
Census Tract 633.01; Cook County; Illinois,66447,17,031,063301
Census Tract 633.02; Cook County; Illinois,94173,17,031,063302
Census Tract 633.03; Cook County; Illinois,102500,17,031,063303
Census Tract 634; Cook County; Illinois,95833,17,031,063400
Census Tract 701.01; Cook County; Illinois,93523,17,031,070101
Census Tract 701.02; Cook County; Illinois,92641,17,031,070102
Census Tract 701.03; Cook County; Illinois,78125,17,031,070103
Census Tract 702; Cook County; Illinois,108083,17,031,070200
Census Tract 703; Cook County; Illinois,191051,17,031,070300
Census Tract 704; Cook County; Illinois,243795,17,031,070400
Census Tract 705; Cook County; Illinois,186757,17,031,070500
Census Tract 706; Cook County; Illinois,250001,17,031,070600
Census Tract 707; Cook County; Illinois,160000,17,031,070700
Census Tract 710; Cook County; Illinois,202115,17,031,071000
Census Tract 711; Cook County; Illinois,206304,17,031,071100
Census Tract 712; Cook County; Illinois,125581,17,031,071200
Census Tract 713; Cook County; Illinois,118878,17,031,071300
Census Tract 714; Cook County; Illinois,118295,17,031,071400
Census Tract 715; Cook County; Illinois,115993,17,031,071500
Census Tract 716; Cook County; Illinois,230313,17,031,071600
Census Tract 717; Cook County; Illinois,149625,17,031,071700
Census Tract 718; Cook County; Illinois,211964,17,031,071800
Census Tract 801; Cook County; Illinois,114681,17,031,080100
Census Tract 802.01; Cook County; Illinois,112708,17,031,080201
Census Tract 802.02; Cook County; Illinois,103948,17,031,080202
Census Tract 803; Cook County; Illinois,157112,17,031,080300
Census Tract 804; Cook County; Illinois,-666666666,17,031,080400
Census Tract 810; Cook County; Illinois,79556,17,031,081000
Census Tract 811; Cook County; Illinois,82039,17,031,081100
Census Tract 812.01; Cook County; Illinois,128955,17,031,081201
Census Tract 812.02; Cook County; Illinois,177619,17,031,081202
Census Tract 813; Cook County; Illinois,116424,17,031,081300
Census Tract 814.01; Cook County; Illinois,74432,17,031,081401
Census Tract 814.02; Cook County; Illinois,159026,17,031,081402
Census Tract 814.03; Cook County; Illinois,114052,17,031,081403
Census Tract 815; Cook County; Illinois,151626,17,031,081500
Census Tract 816; Cook County; Illinois,157623,17,031,081600
Census Tract 817; Cook County; Illinois,132903,17,031,081700
Census Tract 818; Cook County; Illinois,164091,17,031,081800
Census Tract 819; Cook County; Illinois,195083,17,031,081900
Census Tract 901; Cook County; Illinois,124667,17,031,090100
Census Tract 902; Cook County; Illinois,119421,17,031,090200
Census Tract 903; Cook County; Illinois,107639,17,031,090300
Census Tract 1001; Cook County; Illinois,109111,17,031,100100
Census Tract 1002; Cook County; Illinois,107850,17,031,100200
Census Tract 1003; Cook County; Illinois,83271,17,031,100300
Census Tract 1004; Cook County; Illinois,143137,17,031,100400
Census Tract 1005; Cook County; Illinois,109564,17,031,100500
Census Tract 1006; Cook County; Illinois,84000,17,031,100600
Census Tract 1007; Cook County; Illinois,117240,17,031,100700
Census Tract 1101; Cook County; Illinois,96514,17,031,110100
Census Tract 1102; Cook County; Illinois,68824,17,031,110200
Census Tract 1103; Cook County; Illinois,115833,17,031,110300
Census Tract 1104; Cook County; Illinois,81250,17,031,110400
Census Tract 1105.01; Cook County; Illinois,101220,17,031,110501
Census Tract 1105.02; Cook County; Illinois,71440,17,031,110502
Census Tract 1201; Cook County; Illinois,160461,17,031,120100
Census Tract 1202; Cook County; Illinois,149306,17,031,120200
Census Tract 1203; Cook County; Illinois,140988,17,031,120300
Census Tract 1204; Cook County; Illinois,111750,17,031,120400
Census Tract 1301; Cook County; Illinois,58068,17,031,130100
Census Tract 1302; Cook County; Illinois,104107,17,031,130200
Census Tract 1303; Cook County; Illinois,66154,17,031,130300
Census Tract 1401; Cook County; Illinois,86795,17,031,140100
Census Tract 1402; Cook County; Illinois,72629,17,031,140200
Census Tract 1403.01; Cook County; Illinois,69712,17,031,140301
Census Tract 1403.02; Cook County; Illinois,62478,17,031,140302
Census Tract 1404; Cook County; Illinois,93036,17,031,140400
Census Tract 1405; Cook County; Illinois,73273,17,031,140500
Census Tract 1406.01; Cook County; Illinois,87045,17,031,140601
Census Tract 1406.02; Cook County; Illinois,59962,17,031,140602
Census Tract 1407.01; Cook County; Illinois,92212,17,031,140701
Census Tract 1407.02; Cook County; Illinois,73571,17,031,140702
Census Tract 1408; Cook County; Illinois,97722,17,031,140800
Census Tract 1502; Cook County; Illinois,91038,17,031,150200
Census Tract 1503; Cook County; Illinois,86290,17,031,150300
Census Tract 1504.01; Cook County; Illinois,77908,17,031,150401
Census Tract 1504.02; Cook County; Illinois,97986,17,031,150402
Census Tract 1505.01; Cook County; Illinois,122434,17,031,150501
Census Tract 1505.02; Cook County; Illinois,72500,17,031,150502
Census Tract 1506; Cook County; Illinois,81923,17,031,150600
Census Tract 1507; Cook County; Illinois,100862,17,031,150700
Census Tract 1508; Cook County; Illinois,85714,17,031,150800
Census Tract 1510.01; Cook County; Illinois,93879,17,031,151001
Census Tract 1510.02; Cook County; Illinois,75893,17,031,151002
Census Tract 1511; Cook County; Illinois,77521,17,031,151100
Census Tract 1512; Cook County; Illinois,88939,17,031,151200
Census Tract 1601; Cook County; Illinois,107137,17,031,160100
Census Tract 1602; Cook County; Illinois,124364,17,031,160200
Census Tract 1603; Cook County; Illinois,77721,17,031,160300
Census Tract 1604; Cook County; Illinois,72325,17,031,160400
Census Tract 1605.01; Cook County; Illinois,73946,17,031,160501
Census Tract 1605.02; Cook County; Illinois,100147,17,031,160502
Census Tract 1606.01; Cook County; Illinois,83333,17,031,160601
Census Tract 1606.02; Cook County; Illinois,84955,17,031,160602
Census Tract 1607; Cook County; Illinois,92614,17,031,160700
Census Tract 1608; Cook County; Illinois,82691,17,031,160800
Census Tract 1609; Cook County; Illinois,114861,17,031,160900
Census Tract 1610; Cook County; Illinois,102159,17,031,161000
Census Tract 1611; Cook County; Illinois,158393,17,031,161100
Census Tract 1612; Cook County; Illinois,70391,17,031,161200
Census Tract 1613; Cook County; Illinois,53969,17,031,161300
Census Tract 1701; Cook County; Illinois,46571,17,031,170100
Census Tract 1702; Cook County; Illinois,105855,17,031,170200
Census Tract 1703; Cook County; Illinois,85774,17,031,170300
Census Tract 1704; Cook County; Illinois,103016,17,031,170400
Census Tract 1705; Cook County; Illinois,87786,17,031,170500
Census Tract 1706; Cook County; Illinois,76346,17,031,170600
Census Tract 1707; Cook County; Illinois,82868,17,031,170700
Census Tract 1708; Cook County; Illinois,64769,17,031,170800
Census Tract 1709; Cook County; Illinois,68500,17,031,170900
Census Tract 1710; Cook County; Illinois,81950,17,031,171000
Census Tract 1711; Cook County; Illinois,92383,17,031,171100
Census Tract 1801; Cook County; Illinois,83920,17,031,180100
Census Tract 1901; Cook County; Illinois,61250,17,031,190100
Census Tract 1902; Cook County; Illinois,80576,17,031,190200
Census Tract 1903; Cook County; Illinois,69309,17,031,190300
Census Tract 1904.01; Cook County; Illinois,92639,17,031,190401
Census Tract 1904.02; Cook County; Illinois,56523,17,031,190402
Census Tract 1906.01; Cook County; Illinois,71176,17,031,190601
Census Tract 1906.02; Cook County; Illinois,61308,17,031,190602
Census Tract 1907.01; Cook County; Illinois,64063,17,031,190701
Census Tract 1907.02; Cook County; Illinois,50457,17,031,190702
Census Tract 1908; Cook County; Illinois,52404,17,031,190800
Census Tract 1909; Cook County; Illinois,61500,17,031,190900
Census Tract 1910; Cook County; Illinois,63611,17,031,191000
Census Tract 1911; Cook County; Illinois,50513,17,031,191100
Census Tract 1912; Cook County; Illinois,57292,17,031,191200
Census Tract 1913.01; Cook County; Illinois,55759,17,031,191301
Census Tract 1913.02; Cook County; Illinois,55072,17,031,191302
Census Tract 2001; Cook County; Illinois,68393,17,031,200100
Census Tract 2002; Cook County; Illinois,64583,17,031,200200
Census Tract 2003; Cook County; Illinois,50515,17,031,200300
Census Tract 2004.01; Cook County; Illinois,70046,17,031,200401
Census Tract 2004.02; Cook County; Illinois,77288,17,031,200402
Census Tract 2101; Cook County; Illinois,107717,17,031,210100
Census Tract 2104; Cook County; Illinois,63077,17,031,210400
Census Tract 2105.01; Cook County; Illinois,61678,17,031,210501
Census Tract 2105.02; Cook County; Illinois,74855,17,031,210502
Census Tract 2106.01; Cook County; Illinois,93547,17,031,210601
Census Tract 2106.02; Cook County; Illinois,102625,17,031,210602
Census Tract 2107; Cook County; Illinois,93026,17,031,210700
Census Tract 2108; Cook County; Illinois,96579,17,031,210800
Census Tract 2109; Cook County; Illinois,109844,17,031,210900
Census Tract 2203; Cook County; Illinois,100461,17,031,220300
Census Tract 2204; Cook County; Illinois,114803,17,031,220400
Census Tract 2205; Cook County; Illinois,94867,17,031,220500
Census Tract 2206.01; Cook County; Illinois,120427,17,031,220601
Census Tract 2206.02; Cook County; Illinois,61875,17,031,220602
Census Tract 2207.01; Cook County; Illinois,75625,17,031,220701
Census Tract 2207.02; Cook County; Illinois,79969,17,031,220702
Census Tract 2209.01; Cook County; Illinois,62917,17,031,220901
Census Tract 2209.02; Cook County; Illinois,73239,17,031,220902
Census Tract 2210; Cook County; Illinois,82102,17,031,221000
Census Tract 2211; Cook County; Illinois,87478,17,031,221100
Census Tract 2212; Cook County; Illinois,128243,17,031,221200
Census Tract 2213; Cook County; Illinois,81264,17,031,221300
Census Tract 2214; Cook County; Illinois,104583,17,031,221400
Census Tract 2215; Cook County; Illinois,62500,17,031,221500
Census Tract 2216; Cook County; Illinois,135236,17,031,221600
Census Tract 2222; Cook County; Illinois,184727,17,031,222200
Census Tract 2225; Cook County; Illinois,147582,17,031,222500
Census Tract 2226; Cook County; Illinois,90313,17,031,222600
Census Tract 2227; Cook County; Illinois,80391,17,031,222700
Census Tract 2228; Cook County; Illinois,84239,17,031,222800
Census Tract 2229; Cook County; Illinois,100847,17,031,222900
Census Tract 2301; Cook County; Illinois,90833,17,031,230100
Census Tract 2302; Cook County; Illinois,72083,17,031,230200
Census Tract 2303; Cook County; Illinois,58696,17,031,230300
Census Tract 2304; Cook County; Illinois,51495,17,031,230400
Census Tract 2305; Cook County; Illinois,28413,17,031,230500
Census Tract 2306; Cook County; Illinois,55304,17,031,230600
Census Tract 2307; Cook County; Illinois,32576,17,031,230700
Census Tract 2308; Cook County; Illinois,68485,17,031,230800
Census Tract 2309; Cook County; Illinois,70926,17,031,230900
Census Tract 2311; Cook County; Illinois,60333,17,031,231100
Census Tract 2312; Cook County; Illinois,39917,17,031,231200
Census Tract 2315; Cook County; Illinois,37237,17,031,231500
Census Tract 2402; Cook County; Illinois,166458,17,031,240200
Census Tract 2403; Cook County; Illinois,161125,17,031,240300
Census Tract 2405; Cook County; Illinois,171962,17,031,240500
Census Tract 2406; Cook County; Illinois,157938,17,031,240600
Census Tract 2407; Cook County; Illinois,102102,17,031,240700
Census Tract 2408; Cook County; Illinois,130278,17,031,240800
Census Tract 2409; Cook County; Illinois,76429,17,031,240900
Census Tract 2410; Cook County; Illinois,90185,17,031,241000
Census Tract 2411; Cook County; Illinois,92927,17,031,241100
Census Tract 2412; Cook County; Illinois,131875,17,031,241200
Census Tract 2413; Cook County; Illinois,167292,17,031,241300
Census Tract 2414; Cook County; Illinois,178434,17,031,241400
Census Tract 2415; Cook County; Illinois,173393,17,031,241500
Census Tract 2416; Cook County; Illinois,111458,17,031,241600
Census Tract 2420; Cook County; Illinois,145583,17,031,242000
Census Tract 2421; Cook County; Illinois,179015,17,031,242100
Census Tract 2422; Cook County; Illinois,164025,17,031,242200
Census Tract 2423; Cook County; Illinois,104397,17,031,242300
Census Tract 2424; Cook County; Illinois,103095,17,031,242400
Census Tract 2425; Cook County; Illinois,81875,17,031,242500
Census Tract 2426; Cook County; Illinois,79583,17,031,242600
Census Tract 2427; Cook County; Illinois,61964,17,031,242700
Census Tract 2428; Cook County; Illinois,139500,17,031,242800
Census Tract 2429; Cook County; Illinois,143750,17,031,242900
Census Tract 2430; Cook County; Illinois,113125,17,031,243000
Census Tract 2431; Cook County; Illinois,114464,17,031,243100
Census Tract 2432; Cook County; Illinois,136094,17,031,243200
Census Tract 2433; Cook County; Illinois,128375,17,031,243300
Census Tract 2434; Cook County; Illinois,124773,17,031,243400
Census Tract 2435; Cook County; Illinois,160370,17,031,243500
Census Tract 2502; Cook County; Illinois,49327,17,031,250200
Census Tract 2503; Cook County; Illinois,47550,17,031,250300
Census Tract 2504; Cook County; Illinois,46709,17,031,250400
Census Tract 2505; Cook County; Illinois,119514,17,031,250500
Census Tract 2506; Cook County; Illinois,65486,17,031,250600
Census Tract 2507; Cook County; Illinois,44624,17,031,250700
Census Tract 2508; Cook County; Illinois,63047,17,031,250800
Census Tract 2510; Cook County; Illinois,31690,17,031,251000
Census Tract 2511; Cook County; Illinois,38350,17,031,251100
Census Tract 2512; Cook County; Illinois,46483,17,031,251200
Census Tract 2513; Cook County; Illinois,38920,17,031,251300
Census Tract 2514; Cook County; Illinois,22029,17,031,251400
Census Tract 2515; Cook County; Illinois,40077,17,031,251500
Census Tract 2516; Cook County; Illinois,35417,17,031,251600
Census Tract 2517; Cook County; Illinois,52763,17,031,251700
Census Tract 2518; Cook County; Illinois,30341,17,031,251800
Census Tract 2519; Cook County; Illinois,26300,17,031,251900
Census Tract 2520; Cook County; Illinois,29596,17,031,252000
Census Tract 2521.01; Cook County; Illinois,35574,17,031,252101
Census Tract 2521.02; Cook County; Illinois,47255,17,031,252102
Census Tract 2522.01; Cook County; Illinois,47979,17,031,252201
Census Tract 2522.02; Cook County; Illinois,41167,17,031,252202
Census Tract 2601; Cook County; Illinois,18906,17,031,260100
Census Tract 2602; Cook County; Illinois,45857,17,031,260200
Census Tract 2603; Cook County; Illinois,20739,17,031,260300
Census Tract 2604; Cook County; Illinois,-666666666,17,031,260400
Census Tract 2605; Cook County; Illinois,39102,17,031,260500
Census Tract 2606; Cook County; Illinois,47708,17,031,260600
Census Tract 2607; Cook County; Illinois,42917,17,031,260700
Census Tract 2608; Cook County; Illinois,39696,17,031,260800
Census Tract 2609; Cook County; Illinois,19417,17,031,260900
Census Tract 2610; Cook County; Illinois,45086,17,031,261000
Census Tract 2705; Cook County; Illinois,19717,17,031,270500
Census Tract 2712; Cook County; Illinois,32401,17,031,271200
Census Tract 2713; Cook County; Illinois,23900,17,031,271300
Census Tract 2714; Cook County; Illinois,40670,17,031,271400
Census Tract 2715; Cook County; Illinois,42171,17,031,271500
Census Tract 2718; Cook County; Illinois,58167,17,031,271800
Census Tract 2801; Cook County; Illinois,136378,17,031,280100
Census Tract 2804; Cook County; Illinois,44414,17,031,280400
Census Tract 2808; Cook County; Illinois,21103,17,031,280800
Census Tract 2809; Cook County; Illinois,47784,17,031,280900
Census Tract 2819; Cook County; Illinois,135243,17,031,281900
Census Tract 2827; Cook County; Illinois,79330,17,031,282700
Census Tract 2828; Cook County; Illinois,81286,17,031,282800
Census Tract 2831; Cook County; Illinois,44129,17,031,283100
Census Tract 2832; Cook County; Illinois,57055,17,031,283200
Census Tract 2838; Cook County; Illinois,77422,17,031,283800
Census Tract 2909; Cook County; Illinois,34349,17,031,290900
Census Tract 2912; Cook County; Illinois,24120,17,031,291200
Census Tract 2916; Cook County; Illinois,120207,17,031,291600
Census Tract 2922; Cook County; Illinois,33736,17,031,292200
Census Tract 2924; Cook County; Illinois,41875,17,031,292400
Census Tract 2925; Cook County; Illinois,52500,17,031,292500
Census Tract 3005; Cook County; Illinois,50329,17,031,300500
Census Tract 3006; Cook County; Illinois,48915,17,031,300600
Census Tract 3007; Cook County; Illinois,46554,17,031,300700
Census Tract 3008; Cook County; Illinois,29684,17,031,300800
Census Tract 3009; Cook County; Illinois,32766,17,031,300900
Census Tract 3011; Cook County; Illinois,34608,17,031,301100
Census Tract 3012; Cook County; Illinois,50040,17,031,301200
Census Tract 3016; Cook County; Illinois,28442,17,031,301600
Census Tract 3017.01; Cook County; Illinois,52115,17,031,301701
Census Tract 3017.02; Cook County; Illinois,43632,17,031,301702
Census Tract 3018.01; Cook County; Illinois,35779,17,031,301801
Census Tract 3018.02; Cook County; Illinois,33668,17,031,301802
Census Tract 3018.03; Cook County; Illinois,36020,17,031,301803
Census Tract 3102; Cook County; Illinois,133382,17,031,310200
Census Tract 3103; Cook County; Illinois,66683,17,031,310300
Census Tract 3104; Cook County; Illinois,77991,17,031,310400
Census Tract 3105; Cook County; Illinois,58321,17,031,310500
Census Tract 3106; Cook County; Illinois,73508,17,031,310600
Census Tract 3107; Cook County; Illinois,62647,17,031,310700
Census Tract 3108; Cook County; Illinois,63779,17,031,310800
Census Tract 3109; Cook County; Illinois,78287,17,031,310900
Census Tract 3201.01; Cook County; Illinois,119616,17,031,320101
Census Tract 3201.02; Cook County; Illinois,162021,17,031,320102
Census Tract 3204; Cook County; Illinois,162143,17,031,320400
Census Tract 3206; Cook County; Illinois,108320,17,031,320600
Census Tract 3301.01; Cook County; Illinois,177254,17,031,330101
Census Tract 3301.02; Cook County; Illinois,112762,17,031,330102
Census Tract 3301.03; Cook County; Illinois,125175,17,031,330103
Census Tract 3302; Cook County; Illinois,128000,17,031,330200
Census Tract 3403; Cook County; Illinois,47519,17,031,340300
Census Tract 3404; Cook County; Illinois,49309,17,031,340400
Census Tract 3405; Cook County; Illinois,57720,17,031,340500
Census Tract 3406; Cook County; Illinois,19348,17,031,340600
Census Tract 3501; Cook County; Illinois,61620,17,031,350100
Census Tract 3504; Cook County; Illinois,22292,17,031,350400
Census Tract 3510; Cook County; Illinois,54688,17,031,351000
Census Tract 3511; Cook County; Illinois,18220,17,031,351100
Census Tract 3514; Cook County; Illinois,-666666666,17,031,351400
Census Tract 3515; Cook County; Illinois,63235,17,031,351500
Census Tract 3602; Cook County; Illinois,26638,17,031,360200
Census Tract 3801; Cook County; Illinois,-666666666,17,031,380100
Census Tract 3802; Cook County; Illinois,25167,17,031,380200
Census Tract 3806; Cook County; Illinois,25455,17,031,380600
Census Tract 3812; Cook County; Illinois,44757,17,031,381200
Census Tract 3814; Cook County; Illinois,34300,17,031,381400
Census Tract 3815; Cook County; Illinois,23288,17,031,381500
Census Tract 3817; Cook County; Illinois,-666666666,17,031,381700
Census Tract 3818; Cook County; Illinois,46813,17,031,381800
Census Tract 3819; Cook County; Illinois,58803,17,031,381900
Census Tract 3901; Cook County; Illinois,65833,17,031,390100
Census Tract 3902; Cook County; Illinois,104441,17,031,390200
Census Tract 3903; Cook County; Illinois,19475,17,031,390300
Census Tract 3904; Cook County; Illinois,27232,17,031,390400
Census Tract 3905; Cook County; Illinois,58194,17,031,390500
Census Tract 3906; Cook County; Illinois,76806,17,031,390600
Census Tract 3907; Cook County; Illinois,67832,17,031,390700
Census Tract 4003; Cook County; Illinois,84293,17,031,400300
Census Tract 4004; Cook County; Illinois,40066,17,031,400400
Census Tract 4005; Cook County; Illinois,22463,17,031,400500
Census Tract 4008; Cook County; Illinois,21029,17,031,400800
Census Tract 4101; Cook County; Illinois,51471,17,031,410100
Census Tract 4102; Cook County; Illinois,51739,17,031,410200
Census Tract 4105; Cook County; Illinois,70833,17,031,410500
Census Tract 4106; Cook County; Illinois,39461,17,031,410600
Census Tract 4107; Cook County; Illinois,45972,17,031,410700
Census Tract 4108; Cook County; Illinois,58396,17,031,410800
Census Tract 4109; Cook County; Illinois,71315,17,031,410900
Census Tract 4110; Cook County; Illinois,52596,17,031,411000
Census Tract 4111; Cook County; Illinois,123750,17,031,411100
Census Tract 4112; Cook County; Illinois,111058,17,031,411200
Census Tract 4201; Cook County; Illinois,21275,17,031,420100
Census Tract 4202; Cook County; Illinois,30461,17,031,420200
Census Tract 4203; Cook County; Illinois,38583,17,031,420300
Census Tract 4204; Cook County; Illinois,32938,17,031,420400
Census Tract 4205; Cook County; Illinois,25298,17,031,420500
Census Tract 4206; Cook County; Illinois,34643,17,031,420600
Census Tract 4207; Cook County; Illinois,24785,17,031,420700
Census Tract 4208; Cook County; Illinois,44375,17,031,420800
Census Tract 4212; Cook County; Illinois,41910,17,031,421200
Census Tract 4301.01; Cook County; Illinois,32264,17,031,430101
Census Tract 4301.02; Cook County; Illinois,50625,17,031,430102
Census Tract 4302; Cook County; Illinois,33183,17,031,430200
Census Tract 4303; Cook County; Illinois,36467,17,031,430300
Census Tract 4304; Cook County; Illinois,36917,17,031,430400
Census Tract 4305; Cook County; Illinois,28528,17,031,430500
Census Tract 4306; Cook County; Illinois,54375,17,031,430600
Census Tract 4307; Cook County; Illinois,30561,17,031,430700
Census Tract 4308; Cook County; Illinois,45221,17,031,430800
Census Tract 4309; Cook County; Illinois,38173,17,031,430900
Census Tract 4312; Cook County; Illinois,57845,17,031,431200
Census Tract 4313.01; Cook County; Illinois,36867,17,031,431301
Census Tract 4313.02; Cook County; Illinois,32031,17,031,431302
Census Tract 4314; Cook County; Illinois,37122,17,031,431400
Census Tract 4401.01; Cook County; Illinois,28877,17,031,440101
Census Tract 4401.02; Cook County; Illinois,40565,17,031,440102
Census Tract 4402.01; Cook County; Illinois,34355,17,031,440201
Census Tract 4402.02; Cook County; Illinois,31537,17,031,440202
Census Tract 4403; Cook County; Illinois,46747,17,031,440300
Census Tract 4406; Cook County; Illinois,58631,17,031,440600
Census Tract 4407; Cook County; Illinois,77300,17,031,440700
Census Tract 4408; Cook County; Illinois,35292,17,031,440800
Census Tract 4409; Cook County; Illinois,39730,17,031,440900
Census Tract 4503; Cook County; Illinois,51990,17,031,450300
Census Tract 4601; Cook County; Illinois,47790,17,031,460100
Census Tract 4602; Cook County; Illinois,28487,17,031,460200
Census Tract 4603.01; Cook County; Illinois,31831,17,031,460301
Census Tract 4603.02; Cook County; Illinois,50056,17,031,460302
Census Tract 4604; Cook County; Illinois,68475,17,031,460400
Census Tract 4605; Cook County; Illinois,68207,17,031,460500
Census Tract 4608; Cook County; Illinois,32654,17,031,460800
Census Tract 4610; Cook County; Illinois,17182,17,031,461000
Census Tract 4701; Cook County; Illinois,45855,17,031,470100
Census Tract 4801; Cook County; Illinois,72171,17,031,480100
Census Tract 4802; Cook County; Illinois,54338,17,031,480200
Census Tract 4803; Cook County; Illinois,57839,17,031,480300
Census Tract 4804; Cook County; Illinois,83567,17,031,480400
Census Tract 4805; Cook County; Illinois,46250,17,031,480500
Census Tract 4902; Cook County; Illinois,63175,17,031,490200
Census Tract 4905; Cook County; Illinois,67135,17,031,490500
Census Tract 4906; Cook County; Illinois,63947,17,031,490600
Census Tract 4907; Cook County; Illinois,44792,17,031,490700
Census Tract 4908; Cook County; Illinois,51591,17,031,490800
Census Tract 4909.01; Cook County; Illinois,35038,17,031,490901
Census Tract 4909.02; Cook County; Illinois,67428,17,031,490902
Census Tract 4910; Cook County; Illinois,22438,17,031,491000
Census Tract 4911; Cook County; Illinois,68155,17,031,491100
Census Tract 4912; Cook County; Illinois,53586,17,031,491200
Census Tract 4913; Cook County; Illinois,40700,17,031,491300
Census Tract 4914; Cook County; Illinois,36480,17,031,491400
Census Tract 5001; Cook County; Illinois,71108,17,031,500100
Census Tract 5002; Cook County; Illinois,38451,17,031,500200
Census Tract 5003; Cook County; Illinois,48469,17,031,500300
Census Tract 5101; Cook County; Illinois,56806,17,031,510100
Census Tract 5102; Cook County; Illinois,55417,17,031,510200
Census Tract 5103; Cook County; Illinois,30607,17,031,510300
Census Tract 5201; Cook County; Illinois,57446,17,031,520100
Census Tract 5202; Cook County; Illinois,58438,17,031,520200
Census Tract 5203; Cook County; Illinois,50276,17,031,520300
Census Tract 5204; Cook County; Illinois,49505,17,031,520400
Census Tract 5205; Cook County; Illinois,87381,17,031,520500
Census Tract 5206; Cook County; Illinois,99688,17,031,520600
Census Tract 5301; Cook County; Illinois,38027,17,031,530100
Census Tract 5302; Cook County; Illinois,41464,17,031,530200
Census Tract 5303; Cook County; Illinois,53574,17,031,530300
Census Tract 5304; Cook County; Illinois,80147,17,031,530400
Census Tract 5305.01; Cook County; Illinois,39632,17,031,530501
Census Tract 5305.02; Cook County; Illinois,63621,17,031,530502
Census Tract 5305.03; Cook County; Illinois,47262,17,031,530503
Census Tract 5306; Cook County; Illinois,38304,17,031,530600
Census Tract 5401.01; Cook County; Illinois,16712,17,031,540101
Census Tract 5401.02; Cook County; Illinois,28711,17,031,540102
Census Tract 5501; Cook County; Illinois,-666666666,17,031,550100
Census Tract 5502; Cook County; Illinois,70197,17,031,550200
Census Tract 5601; Cook County; Illinois,59286,17,031,560100
Census Tract 5602; Cook County; Illinois,46979,17,031,560200
Census Tract 5603; Cook County; Illinois,56250,17,031,560300
Census Tract 5604; Cook County; Illinois,77125,17,031,560400
Census Tract 5607; Cook County; Illinois,78411,17,031,560700
Census Tract 5608; Cook County; Illinois,103098,17,031,560800
Census Tract 5609; Cook County; Illinois,117188,17,031,560900
Census Tract 5610; Cook County; Illinois,106375,17,031,561000
Census Tract 5611; Cook County; Illinois,95926,17,031,561100
Census Tract 5701; Cook County; Illinois,52212,17,031,570100
Census Tract 5702; Cook County; Illinois,-666666666,17,031,570200
Census Tract 5703; Cook County; Illinois,50641,17,031,570300
Census Tract 5704; Cook County; Illinois,75125,17,031,570400
Census Tract 5705; Cook County; Illinois,77772,17,031,570500
Census Tract 5801; Cook County; Illinois,51111,17,031,580100
Census Tract 5802; Cook County; Illinois,39865,17,031,580200
Census Tract 5803; Cook County; Illinois,61974,17,031,580300
Census Tract 5804; Cook County; Illinois,55355,17,031,580400
Census Tract 5805.01; Cook County; Illinois,45854,17,031,580501
Census Tract 5805.02; Cook County; Illinois,46853,17,031,580502
Census Tract 5806; Cook County; Illinois,59631,17,031,580600
Census Tract 5807; Cook County; Illinois,57269,17,031,580700
Census Tract 5808; Cook County; Illinois,63333,17,031,580800
Census Tract 5905; Cook County; Illinois,69697,17,031,590500
Census Tract 5906; Cook County; Illinois,65192,17,031,590600
Census Tract 5907; Cook County; Illinois,76667,17,031,590700
Census Tract 6004; Cook County; Illinois,62599,17,031,600400
Census Tract 6006; Cook County; Illinois,60625,17,031,600600
Census Tract 6007; Cook County; Illinois,65342,17,031,600700
Census Tract 6009; Cook County; Illinois,68526,17,031,600900
Census Tract 6103; Cook County; Illinois,38984,17,031,610300
Census Tract 6104; Cook County; Illinois,37480,17,031,610400
Census Tract 6108; Cook County; Illinois,86705,17,031,610800
Census Tract 6112; Cook County; Illinois,32793,17,031,611200
Census Tract 6113; Cook County; Illinois,45283,17,031,611300
Census Tract 6114; Cook County; Illinois,29194,17,031,611400
Census Tract 6115; Cook County; Illinois,40960,17,031,611500
Census Tract 6116; Cook County; Illinois,-666666666,17,031,611600
Census Tract 6117; Cook County; Illinois,21701,17,031,611700
Census Tract 6118; Cook County; Illinois,-666666666,17,031,611800
Census Tract 6119; Cook County; Illinois,34000,17,031,611900
Census Tract 6120; Cook County; Illinois,47300,17,031,612000
Census Tract 6121; Cook County; Illinois,27583,17,031,612100
Census Tract 6122; Cook County; Illinois,41514,17,031,612200
Census Tract 6201; Cook County; Illinois,68438,17,031,620100
Census Tract 6202; Cook County; Illinois,62250,17,031,620200
Census Tract 6203; Cook County; Illinois,67292,17,031,620300
Census Tract 6204; Cook County; Illinois,53575,17,031,620400
Census Tract 6303; Cook County; Illinois,51920,17,031,630300
Census Tract 6304; Cook County; Illinois,39828,17,031,630400
Census Tract 6305; Cook County; Illinois,48986,17,031,630500
Census Tract 6306; Cook County; Illinois,51643,17,031,630600
Census Tract 6308; Cook County; Illinois,68558,17,031,630800
Census Tract 6309; Cook County; Illinois,41600,17,031,630900
Census Tract 6401; Cook County; Illinois,51579,17,031,640100
Census Tract 6403; Cook County; Illinois,79750,17,031,640300
Census Tract 6404; Cook County; Illinois,90142,17,031,640400
Census Tract 6405; Cook County; Illinois,72813,17,031,640500
Census Tract 6406; Cook County; Illinois,79231,17,031,640600
Census Tract 6407; Cook County; Illinois,72297,17,031,640700
Census Tract 6408; Cook County; Illinois,38365,17,031,640800
Census Tract 6501; Cook County; Illinois,59966,17,031,650100
Census Tract 6502; Cook County; Illinois,92357,17,031,650200
Census Tract 6503.01; Cook County; Illinois,59569,17,031,650301
Census Tract 6503.02; Cook County; Illinois,60739,17,031,650302
Census Tract 6504; Cook County; Illinois,72308,17,031,650400
Census Tract 6505; Cook County; Illinois,66818,17,031,650500
Census Tract 6603.01; Cook County; Illinois,24628,17,031,660301
Census Tract 6603.02; Cook County; Illinois,44329,17,031,660302
Census Tract 6604; Cook County; Illinois,44297,17,031,660400
Census Tract 6605; Cook County; Illinois,42247,17,031,660500
Census Tract 6606; Cook County; Illinois,36729,17,031,660600
Census Tract 6607; Cook County; Illinois,33347,17,031,660700
Census Tract 6608; Cook County; Illinois,41099,17,031,660800
Census Tract 6609; Cook County; Illinois,41032,17,031,660900
Census Tract 6610; Cook County; Illinois,46066,17,031,661000
Census Tract 6611; Cook County; Illinois,78778,17,031,661100
Census Tract 6701; Cook County; Illinois,24583,17,031,670100
Census Tract 6702; Cook County; Illinois,34459,17,031,670200
Census Tract 6703; Cook County; Illinois,30179,17,031,670300
Census Tract 6704; Cook County; Illinois,32083,17,031,670400
Census Tract 6705; Cook County; Illinois,30313,17,031,670500
Census Tract 6706; Cook County; Illinois,37621,17,031,670600
Census Tract 6707; Cook County; Illinois,35500,17,031,670700
Census Tract 6708; Cook County; Illinois,39297,17,031,670800
Census Tract 6709; Cook County; Illinois,29906,17,031,670900
Census Tract 6711; Cook County; Illinois,15159,17,031,671100
Census Tract 6712; Cook County; Illinois,40286,17,031,671200
Census Tract 6713; Cook County; Illinois,28056,17,031,671300
Census Tract 6714; Cook County; Illinois,26080,17,031,671400
Census Tract 6715; Cook County; Illinois,34167,17,031,671500
Census Tract 6716; Cook County; Illinois,21063,17,031,671600
Census Tract 6718; Cook County; Illinois,34470,17,031,671800
Census Tract 6719; Cook County; Illinois,-666666666,17,031,671900
Census Tract 6720; Cook County; Illinois,38654,17,031,672000
Census Tract 6805; Cook County; Illinois,39306,17,031,680500
Census Tract 6806; Cook County; Illinois,50330,17,031,680600
Census Tract 6809; Cook County; Illinois,22846,17,031,680900
Census Tract 6810; Cook County; Illinois,-666666666,17,031,681000
Census Tract 6811; Cook County; Illinois,32583,17,031,681100
Census Tract 6812; Cook County; Illinois,17338,17,031,681200
Census Tract 6813; Cook County; Illinois,17500,17,031,681300
Census Tract 6814; Cook County; Illinois,51531,17,031,681400
Census Tract 6903; Cook County; Illinois,35319,17,031,690300
Census Tract 6904; Cook County; Illinois,40722,17,031,690400
Census Tract 6905; Cook County; Illinois,56203,17,031,690500
Census Tract 6909; Cook County; Illinois,41131,17,031,690900
Census Tract 6910; Cook County; Illinois,78375,17,031,691000
Census Tract 6911; Cook County; Illinois,57542,17,031,691100
Census Tract 6912; Cook County; Illinois,35551,17,031,691200
Census Tract 6913; Cook County; Illinois,42708,17,031,691300
Census Tract 6914; Cook County; Illinois,38816,17,031,691400
Census Tract 6915; Cook County; Illinois,22363,17,031,691500
Census Tract 7001; Cook County; Illinois,78803,17,031,700100
Census Tract 7002; Cook County; Illinois,80096,17,031,700200
Census Tract 7003.01; Cook County; Illinois,74207,17,031,700301
Census Tract 7003.02; Cook County; Illinois,83086,17,031,700302
Census Tract 7004.01; Cook County; Illinois,81065,17,031,700401
Census Tract 7004.02; Cook County; Illinois,85208,17,031,700402
Census Tract 7005.01; Cook County; Illinois,66979,17,031,700501
Census Tract 7005.02; Cook County; Illinois,87543,17,031,700502
Census Tract 7101; Cook County; Illinois,23500,17,031,710100
Census Tract 7102; Cook County; Illinois,28091,17,031,710200
Census Tract 7103; Cook County; Illinois,54444,17,031,710300
Census Tract 7104; Cook County; Illinois,44858,17,031,710400
Census Tract 7105; Cook County; Illinois,39943,17,031,710500
Census Tract 7106; Cook County; Illinois,35865,17,031,710600
Census Tract 7107; Cook County; Illinois,31473,17,031,710700
Census Tract 7108; Cook County; Illinois,30461,17,031,710800
Census Tract 7109; Cook County; Illinois,45663,17,031,710900
Census Tract 7110; Cook County; Illinois,58030,17,031,711000
Census Tract 7111; Cook County; Illinois,46667,17,031,711100
Census Tract 7112; Cook County; Illinois,58444,17,031,711200
Census Tract 7113; Cook County; Illinois,70223,17,031,711300
Census Tract 7114; Cook County; Illinois,53929,17,031,711400
Census Tract 7115; Cook County; Illinois,57422,17,031,711500
Census Tract 7201; Cook County; Illinois,151613,17,031,720100
Census Tract 7202; Cook County; Illinois,118836,17,031,720200
Census Tract 7203; Cook County; Illinois,145250,17,031,720300
Census Tract 7204; Cook County; Illinois,116406,17,031,720400
Census Tract 7205; Cook County; Illinois,110625,17,031,720500
Census Tract 7206; Cook County; Illinois,148450,17,031,720600
Census Tract 7207; Cook County; Illinois,118227,17,031,720700
Census Tract 7301; Cook County; Illinois,65944,17,031,730100
Census Tract 7302.01; Cook County; Illinois,62083,17,031,730201
Census Tract 7302.02; Cook County; Illinois,78819,17,031,730202
Census Tract 7303; Cook County; Illinois,49271,17,031,730300
Census Tract 7304; Cook County; Illinois,91284,17,031,730400
Census Tract 7305; Cook County; Illinois,61742,17,031,730500
Census Tract 7306; Cook County; Illinois,75462,17,031,730600
Census Tract 7307; Cook County; Illinois,54531,17,031,730700
Census Tract 7401; Cook County; Illinois,109583,17,031,740100
Census Tract 7402; Cook County; Illinois,118444,17,031,740200
Census Tract 7403; Cook County; Illinois,122063,17,031,740300
Census Tract 7404; Cook County; Illinois,93194,17,031,740400
Census Tract 7501; Cook County; Illinois,52109,17,031,750100
Census Tract 7502; Cook County; Illinois,75250,17,031,750200
Census Tract 7503; Cook County; Illinois,119000,17,031,750300
Census Tract 7504; Cook County; Illinois,104009,17,031,750400
Census Tract 7505; Cook County; Illinois,52880,17,031,750500
Census Tract 7506; Cook County; Illinois,56504,17,031,750600
Census Tract 7608.01; Cook County; Illinois,73618,17,031,760801
Census Tract 7608.02; Cook County; Illinois,81167,17,031,760802
Census Tract 7608.03; Cook County; Illinois,63155,17,031,760803
Census Tract 7702.01; Cook County; Illinois,85538,17,031,770201
Census Tract 7702.02; Cook County; Illinois,78727,17,031,770202
Census Tract 7703; Cook County; Illinois,88614,17,031,770300
Census Tract 7704; Cook County; Illinois,88983,17,031,770400
Census Tract 7705; Cook County; Illinois,54522,17,031,770500
Census Tract 7706.01; Cook County; Illinois,92569,17,031,770601
Census Tract 7706.02; Cook County; Illinois,80568,17,031,770602
Census Tract 7707; Cook County; Illinois,65300,17,031,770700
Census Tract 7708; Cook County; Illinois,74557,17,031,770800
Census Tract 7709.01; Cook County; Illinois,102955,17,031,770901
Census Tract 7709.02; Cook County; Illinois,81250,17,031,770902
Census Tract 8001; Cook County; Illinois,250001,17,031,800100
Census Tract 8002; Cook County; Illinois,214779,17,031,800200
Census Tract 8003; Cook County; Illinois,250001,17,031,800300
Census Tract 8004; Cook County; Illinois,250001,17,031,800400
Census Tract 8005; Cook County; Illinois,250001,17,031,800500
Census Tract 8006; Cook County; Illinois,250001,17,031,800600
Census Tract 8007; Cook County; Illinois,250001,17,031,800700
Census Tract 8008; Cook County; Illinois,110156,17,031,800800
Census Tract 8009; Cook County; Illinois,137802,17,031,800900
Census Tract 8010; Cook County; Illinois,146890,17,031,801000
Census Tract 8011; Cook County; Illinois,231919,17,031,801100
Census Tract 8012; Cook County; Illinois,243333,17,031,801200
Census Tract 8013; Cook County; Illinois,142500,17,031,801300
Census Tract 8014; Cook County; Illinois,164120,17,031,801400
Census Tract 8015; Cook County; Illinois,133224,17,031,801500
Census Tract 8016.01; Cook County; Illinois,98328,17,031,801601
Census Tract 8016.03; Cook County; Illinois,68594,17,031,801603
Census Tract 8016.05; Cook County; Illinois,179425,17,031,801605
Census Tract 8016.06; Cook County; Illinois,158309,17,031,801606
Census Tract 8016.07; Cook County; Illinois,139865,17,031,801607
Census Tract 8016.08; Cook County; Illinois,134179,17,031,801608
Census Tract 8017.01; Cook County; Illinois,220469,17,031,801701
Census Tract 8017.02; Cook County; Illinois,190288,17,031,801702
Census Tract 8018; Cook County; Illinois,167619,17,031,801800
Census Tract 8019.01; Cook County; Illinois,105766,17,031,801901
Census Tract 8019.02; Cook County; Illinois,191319,17,031,801902
Census Tract 8020.02; Cook County; Illinois,139904,17,031,802002
Census Tract 8020.03; Cook County; Illinois,135625,17,031,802003
Census Tract 8020.04; Cook County; Illinois,39560,17,031,802004
Census Tract 8021; Cook County; Illinois,163681,17,031,802100
Census Tract 8022; Cook County; Illinois,168105,17,031,802200
Census Tract 8023; Cook County; Illinois,121533,17,031,802300
Census Tract 8024.02; Cook County; Illinois,79841,17,031,802402
Census Tract 8024.03; Cook County; Illinois,77471,17,031,802403
Census Tract 8024.04; Cook County; Illinois,67905,17,031,802404
Census Tract 8025.03; Cook County; Illinois,103365,17,031,802503
Census Tract 8025.04; Cook County; Illinois,92541,17,031,802504
Census Tract 8025.05; Cook County; Illinois,69221,17,031,802505
Census Tract 8025.06; Cook County; Illinois,92829,17,031,802506
Census Tract 8026.05; Cook County; Illinois,120580,17,031,802605
Census Tract 8026.07; Cook County; Illinois,126429,17,031,802607
Census Tract 8026.08; Cook County; Illinois,88346,17,031,802608
Census Tract 8026.09; Cook County; Illinois,58711,17,031,802609
Census Tract 8026.10; Cook County; Illinois,127415,17,031,802610
Census Tract 8027.01; Cook County; Illinois,125370,17,031,802701
Census Tract 8027.02; Cook County; Illinois,116136,17,031,802702
Census Tract 8028.01; Cook County; Illinois,131918,17,031,802801
Census Tract 8028.02; Cook County; Illinois,109038,17,031,802802
Census Tract 8029; Cook County; Illinois,158750,17,031,802900
Census Tract 8030.05; Cook County; Illinois,104306,17,031,803005
Census Tract 8030.07; Cook County; Illinois,106316,17,031,803007
Census Tract 8030.08; Cook County; Illinois,145100,17,031,803008
Census Tract 8030.10; Cook County; Illinois,114347,17,031,803010
Census Tract 8030.12; Cook County; Illinois,85000,17,031,803012
Census Tract 8030.13; Cook County; Illinois,105841,17,031,803013
Census Tract 8030.14; Cook County; Illinois,76045,17,031,803014
Census Tract 8030.15; Cook County; Illinois,102961,17,031,803015
Census Tract 8030.16; Cook County; Illinois,119188,17,031,803016
Census Tract 8030.17; Cook County; Illinois,98125,17,031,803017
Census Tract 8031; Cook County; Illinois,152682,17,031,803100
Census Tract 8032; Cook County; Illinois,99556,17,031,803200
Census Tract 8033; Cook County; Illinois,115946,17,031,803300
Census Tract 8034; Cook County; Illinois,140000,17,031,803400
Census Tract 8035; Cook County; Illinois,144036,17,031,803500
Census Tract 8036.03; Cook County; Illinois,191691,17,031,803603
Census Tract 8036.04; Cook County; Illinois,88377,17,031,803604
Census Tract 8036.05; Cook County; Illinois,100506,17,031,803605
Census Tract 8036.07; Cook County; Illinois,118224,17,031,803607
Census Tract 8036.08; Cook County; Illinois,129358,17,031,803608
Census Tract 8036.11; Cook County; Illinois,68958,17,031,803611
Census Tract 8036.12; Cook County; Illinois,66000,17,031,803612
Census Tract 8036.13; Cook County; Illinois,73333,17,031,803613
Census Tract 8036.14; Cook County; Illinois,50865,17,031,803614
Census Tract 8036.15; Cook County; Illinois,89960,17,031,803615
Census Tract 8036.16; Cook County; Illinois,91968,17,031,803616
Census Tract 8037.01; Cook County; Illinois,81581,17,031,803701
Census Tract 8037.02; Cook County; Illinois,109779,17,031,803702
Census Tract 8038; Cook County; Illinois,121167,17,031,803800
Census Tract 8039.01; Cook County; Illinois,79034,17,031,803901
Census Tract 8039.02; Cook County; Illinois,106012,17,031,803902
Census Tract 8040; Cook County; Illinois,88559,17,031,804000
Census Tract 8041.02; Cook County; Illinois,170819,17,031,804102
Census Tract 8041.04; Cook County; Illinois,145156,17,031,804104
Census Tract 8041.05; Cook County; Illinois,152386,17,031,804105
Census Tract 8041.06; Cook County; Illinois,139139,17,031,804106
Census Tract 8041.08; Cook County; Illinois,91795,17,031,804108
Census Tract 8041.09; Cook County; Illinois,155469,17,031,804109
Census Tract 8042.02; Cook County; Illinois,178385,17,031,804202
Census Tract 8042.03; Cook County; Illinois,225486,17,031,804203
Census Tract 8042.04; Cook County; Illinois,149778,17,031,804204
Census Tract 8043.05; Cook County; Illinois,81277,17,031,804305
Census Tract 8043.06; Cook County; Illinois,88125,17,031,804306
Census Tract 8043.08; Cook County; Illinois,79205,17,031,804308
Census Tract 8043.09; Cook County; Illinois,86885,17,031,804309
Census Tract 8043.12; Cook County; Illinois,158467,17,031,804312
Census Tract 8043.13; Cook County; Illinois,121986,17,031,804313
Census Tract 8043.14; Cook County; Illinois,106410,17,031,804314
Census Tract 8043.15; Cook County; Illinois,98050,17,031,804315
Census Tract 8043.16; Cook County; Illinois,110667,17,031,804316
Census Tract 8044.03; Cook County; Illinois,79203,17,031,804403
Census Tract 8044.04; Cook County; Illinois,86802,17,031,804404
Census Tract 8044.05; Cook County; Illinois,72031,17,031,804405
Census Tract 8044.06; Cook County; Illinois,72237,17,031,804406
Census Tract 8045.05; Cook County; Illinois,84728,17,031,804505
Census Tract 8045.06; Cook County; Illinois,132679,17,031,804506
Census Tract 8045.08; Cook County; Illinois,65708,17,031,804508
Census Tract 8045.09; Cook County; Illinois,90174,17,031,804509
Census Tract 8045.10; Cook County; Illinois,80801,17,031,804510
Census Tract 8045.11; Cook County; Illinois,68516,17,031,804511
Census Tract 8045.12; Cook County; Illinois,146710,17,031,804512
Census Tract 8045.13; Cook County; Illinois,151051,17,031,804513
Census Tract 8045.14; Cook County; Illinois,111713,17,031,804514
Census Tract 8046.03; Cook County; Illinois,98247,17,031,804603
Census Tract 8046.06; Cook County; Illinois,136908,17,031,804606
Census Tract 8046.07; Cook County; Illinois,126192,17,031,804607
Census Tract 8046.08; Cook County; Illinois,120565,17,031,804608
Census Tract 8046.09; Cook County; Illinois,110833,17,031,804609
Census Tract 8046.10; Cook County; Illinois,75191,17,031,804610
Census Tract 8046.11; Cook County; Illinois,85451,17,031,804611
Census Tract 8047.01; Cook County; Illinois,78522,17,031,804701
Census Tract 8047.05; Cook County; Illinois,75563,17,031,804705
Census Tract 8047.06; Cook County; Illinois,116354,17,031,804706
Census Tract 8047.09; Cook County; Illinois,93586,17,031,804709
Census Tract 8047.10; Cook County; Illinois,95703,17,031,804710
Census Tract 8047.11; Cook County; Illinois,83787,17,031,804711
Census Tract 8047.12; Cook County; Illinois,95590,17,031,804712
Census Tract 8047.13; Cook County; Illinois,97781,17,031,804713
Census Tract 8047.14; Cook County; Illinois,104286,17,031,804714
Census Tract 8047.15; Cook County; Illinois,62183,17,031,804715
Census Tract 8047.16; Cook County; Illinois,112725,17,031,804716
Census Tract 8048.03; Cook County; Illinois,88412,17,031,804803
Census Tract 8048.04; Cook County; Illinois,70750,17,031,804804
Census Tract 8048.05; Cook County; Illinois,110636,17,031,804805
Census Tract 8048.06; Cook County; Illinois,91875,17,031,804806
Census Tract 8048.07; Cook County; Illinois,98906,17,031,804807
Census Tract 8048.08; Cook County; Illinois,133125,17,031,804808
Census Tract 8048.09; Cook County; Illinois,110219,17,031,804809
Census Tract 8048.10; Cook County; Illinois,83477,17,031,804810
Census Tract 8049.01; Cook County; Illinois,132232,17,031,804901
Census Tract 8049.02; Cook County; Illinois,123337,17,031,804902
Census Tract 8050.01; Cook County; Illinois,133456,17,031,805001
Census Tract 8050.02; Cook County; Illinois,71682,17,031,805002
Census Tract 8051.05; Cook County; Illinois,76679,17,031,805105
Census Tract 8051.06; Cook County; Illinois,77808,17,031,805106
Census Tract 8051.07; Cook County; Illinois,58354,17,031,805107
Census Tract 8051.08; Cook County; Illinois,73575,17,031,805108
Census Tract 8051.09; Cook County; Illinois,102727,17,031,805109
Census Tract 8051.10; Cook County; Illinois,99504,17,031,805110
Census Tract 8051.11; Cook County; Illinois,60470,17,031,805111
Census Tract 8051.12; Cook County; Illinois,73859,17,031,805112
Census Tract 8052.01; Cook County; Illinois,108800,17,031,805201
Census Tract 8052.02; Cook County; Illinois,97946,17,031,805202
Census Tract 8053.01; Cook County; Illinois,119196,17,031,805301
Census Tract 8053.02; Cook County; Illinois,103498,17,031,805302
Census Tract 8054.01; Cook County; Illinois,109500,17,031,805401
Census Tract 8054.02; Cook County; Illinois,99271,17,031,805402
Census Tract 8055.01; Cook County; Illinois,131979,17,031,805501
Census Tract 8055.02; Cook County; Illinois,151131,17,031,805502
Census Tract 8056; Cook County; Illinois,163182,17,031,805600
Census Tract 8057.01; Cook County; Illinois,157411,17,031,805701
Census Tract 8057.02; Cook County; Illinois,145250,17,031,805702
Census Tract 8058.01; Cook County; Illinois,115469,17,031,805801
Census Tract 8058.02; Cook County; Illinois,142031,17,031,805802
Census Tract 8059.01; Cook County; Illinois,85516,17,031,805901
Census Tract 8059.02; Cook County; Illinois,144931,17,031,805902
Census Tract 8060.01; Cook County; Illinois,53893,17,031,806001
Census Tract 8060.02; Cook County; Illinois,67317,17,031,806002
Census Tract 8060.04; Cook County; Illinois,64832,17,031,806004
Census Tract 8060.05; Cook County; Illinois,100375,17,031,806005
Census Tract 8060.06; Cook County; Illinois,61329,17,031,806006
Census Tract 8061.02; Cook County; Illinois,108386,17,031,806102
Census Tract 8061.03; Cook County; Illinois,99701,17,031,806103
Census Tract 8061.04; Cook County; Illinois,50839,17,031,806104
Census Tract 8062.01; Cook County; Illinois,69325,17,031,806201
Census Tract 8062.02; Cook County; Illinois,73491,17,031,806202
Census Tract 8063; Cook County; Illinois,102292,17,031,806300
Census Tract 8064; Cook County; Illinois,116628,17,031,806400
Census Tract 8065.01; Cook County; Illinois,65750,17,031,806501
Census Tract 8065.02; Cook County; Illinois,72182,17,031,806502
Census Tract 8066; Cook County; Illinois,97708,17,031,806600
Census Tract 8067; Cook County; Illinois,114593,17,031,806700
Census Tract 8068.01; Cook County; Illinois,74004,17,031,806801
Census Tract 8068.02; Cook County; Illinois,109125,17,031,806802
Census Tract 8069; Cook County; Illinois,84438,17,031,806900
Census Tract 8070; Cook County; Illinois,56434,17,031,807000
Census Tract 8071; Cook County; Illinois,146719,17,031,807100
Census Tract 8072; Cook County; Illinois,97212,17,031,807200
Census Tract 8073; Cook County; Illinois,77307,17,031,807300
Census Tract 8074; Cook County; Illinois,91926,17,031,807400
Census Tract 8075; Cook County; Illinois,141411,17,031,807500
Census Tract 8076; Cook County; Illinois,101432,17,031,807600
Census Tract 8077; Cook County; Illinois,66984,17,031,807700
Census Tract 8078; Cook County; Illinois,151538,17,031,807800
Census Tract 8079; Cook County; Illinois,108351,17,031,807900
Census Tract 8080.01; Cook County; Illinois,93958,17,031,808001
Census Tract 8080.02; Cook County; Illinois,87460,17,031,808002
Census Tract 8081; Cook County; Illinois,56131,17,031,808100
Census Tract 8082; Cook County; Illinois,84250,17,031,808200
Census Tract 8083.01; Cook County; Illinois,77500,17,031,808301
Census Tract 8083.02; Cook County; Illinois,74539,17,031,808302
Census Tract 8084; Cook County; Illinois,116096,17,031,808400
Census Tract 8085; Cook County; Illinois,128254,17,031,808500
Census Tract 8086; Cook County; Illinois,156635,17,031,808600
Census Tract 8087.02; Cook County; Illinois,56463,17,031,808702
Census Tract 8088; Cook County; Illinois,159500,17,031,808800
Census Tract 8089; Cook County; Illinois,183893,17,031,808900
Census Tract 8090; Cook County; Illinois,193500,17,031,809000
Census Tract 8091; Cook County; Illinois,107000,17,031,809100
Census Tract 8092; Cook County; Illinois,48839,17,031,809200
Census Tract 8093; Cook County; Illinois,43732,17,031,809300
Census Tract 8094.01; Cook County; Illinois,105231,17,031,809401
Census Tract 8094.02; Cook County; Illinois,67014,17,031,809402
Census Tract 8095; Cook County; Illinois,74538,17,031,809500
Census Tract 8096; Cook County; Illinois,76844,17,031,809600
Census Tract 8097; Cook County; Illinois,132875,17,031,809700
Census Tract 8098; Cook County; Illinois,76444,17,031,809800
Census Tract 8099; Cook County; Illinois,119476,17,031,809900
Census Tract 8100; Cook County; Illinois,120809,17,031,810000
Census Tract 8101; Cook County; Illinois,93056,17,031,810100
Census Tract 8102; Cook County; Illinois,71948,17,031,810200
Census Tract 8103.01; Cook County; Illinois,89390,17,031,810301
Census Tract 8103.02; Cook County; Illinois,116860,17,031,810302
Census Tract 8104; Cook County; Illinois,131419,17,031,810400
Census Tract 8105.01; Cook County; Illinois,78798,17,031,810501
Census Tract 8105.02; Cook County; Illinois,70781,17,031,810502
Census Tract 8106; Cook County; Illinois,66533,17,031,810600
Census Tract 8107.01; Cook County; Illinois,52331,17,031,810701
Census Tract 8107.02; Cook County; Illinois,59964,17,031,810702
Census Tract 8108; Cook County; Illinois,95197,17,031,810800
Census Tract 8109; Cook County; Illinois,53679,17,031,810900
Census Tract 8110; Cook County; Illinois,94743,17,031,811000
Census Tract 8111; Cook County; Illinois,66788,17,031,811100
Census Tract 8112; Cook County; Illinois,77912,17,031,811200
Census Tract 8113.01; Cook County; Illinois,68153,17,031,811301
Census Tract 8113.02; Cook County; Illinois,63035,17,031,811302
Census Tract 8114.01; Cook County; Illinois,85577,17,031,811401
Census Tract 8114.02; Cook County; Illinois,78167,17,031,811402
Census Tract 8115; Cook County; Illinois,77550,17,031,811500
Census Tract 8116; Cook County; Illinois,61162,17,031,811600
Census Tract 8117.01; Cook County; Illinois,70500,17,031,811701
Census Tract 8117.02; Cook County; Illinois,62679,17,031,811702
Census Tract 8118; Cook County; Illinois,95236,17,031,811800
Census Tract 8119; Cook County; Illinois,158833,17,031,811900
Census Tract 8120; Cook County; Illinois,138899,17,031,812000
Census Tract 8121; Cook County; Illinois,135234,17,031,812100
Census Tract 8122; Cook County; Illinois,225333,17,031,812200
Census Tract 8123.01; Cook County; Illinois,87476,17,031,812301
Census Tract 8123.02; Cook County; Illinois,125625,17,031,812302
Census Tract 8124; Cook County; Illinois,250001,17,031,812400
Census Tract 8125; Cook County; Illinois,71310,17,031,812500
Census Tract 8126; Cook County; Illinois,72269,17,031,812600
Census Tract 8127; Cook County; Illinois,88717,17,031,812700
Census Tract 8128.01; Cook County; Illinois,73375,17,031,812801
Census Tract 8128.02; Cook County; Illinois,83783,17,031,812802
Census Tract 8129; Cook County; Illinois,145625,17,031,812900
Census Tract 8130; Cook County; Illinois,144821,17,031,813000
Census Tract 8131; Cook County; Illinois,122014,17,031,813100
Census Tract 8132; Cook County; Illinois,131042,17,031,813200
Census Tract 8133.01; Cook County; Illinois,48958,17,031,813301
Census Tract 8133.02; Cook County; Illinois,51810,17,031,813302
Census Tract 8134; Cook County; Illinois,66799,17,031,813400
Census Tract 8135; Cook County; Illinois,73393,17,031,813500
Census Tract 8136; Cook County; Illinois,64849,17,031,813600
Census Tract 8137.01; Cook County; Illinois,56311,17,031,813701
Census Tract 8137.02; Cook County; Illinois,69795,17,031,813702
Census Tract 8138.01; Cook County; Illinois,47604,17,031,813801
Census Tract 8138.02; Cook County; Illinois,64464,17,031,813802
Census Tract 8139; Cook County; Illinois,66161,17,031,813900
Census Tract 8140; Cook County; Illinois,61552,17,031,814000
Census Tract 8141; Cook County; Illinois,47679,17,031,814100
Census Tract 8142; Cook County; Illinois,68380,17,031,814200
Census Tract 8143; Cook County; Illinois,52535,17,031,814300
Census Tract 8144; Cook County; Illinois,62481,17,031,814400
Census Tract 8145; Cook County; Illinois,90564,17,031,814500
Census Tract 8146; Cook County; Illinois,66680,17,031,814600
Census Tract 8147; Cook County; Illinois,87727,17,031,814700
Census Tract 8148; Cook County; Illinois,63677,17,031,814800
Census Tract 8149; Cook County; Illinois,56410,17,031,814900
Census Tract 8150; Cook County; Illinois,75429,17,031,815000
Census Tract 8151; Cook County; Illinois,81198,17,031,815100
Census Tract 8152; Cook County; Illinois,59895,17,031,815200
Census Tract 8153; Cook County; Illinois,95781,17,031,815300
Census Tract 8154; Cook County; Illinois,55347,17,031,815400
Census Tract 8155; Cook County; Illinois,91583,17,031,815500
Census Tract 8156; Cook County; Illinois,59338,17,031,815600
Census Tract 8157.01; Cook County; Illinois,148424,17,031,815701
Census Tract 8157.02; Cook County; Illinois,147813,17,031,815702
Census Tract 8158; Cook County; Illinois,112667,17,031,815800
Census Tract 8159; Cook County; Illinois,71587,17,031,815900
Census Tract 8160; Cook County; Illinois,91458,17,031,816000
Census Tract 8161; Cook County; Illinois,63315,17,031,816100
Census Tract 8162; Cook County; Illinois,88622,17,031,816200
Census Tract 8163; Cook County; Illinois,69922,17,031,816300
Census Tract 8164.01; Cook County; Illinois,68818,17,031,816401
Census Tract 8164.02; Cook County; Illinois,57771,17,031,816402
Census Tract 8165; Cook County; Illinois,58202,17,031,816500
Census Tract 8166; Cook County; Illinois,74070,17,031,816600
Census Tract 8167; Cook County; Illinois,56016,17,031,816700
Census Tract 8168; Cook County; Illinois,78566,17,031,816800
Census Tract 8169; Cook County; Illinois,93947,17,031,816900
Census Tract 8170; Cook County; Illinois,68162,17,031,817000
Census Tract 8171.01; Cook County; Illinois,58542,17,031,817101
Census Tract 8171.02; Cook County; Illinois,58910,17,031,817102
Census Tract 8172; Cook County; Illinois,55473,17,031,817200
Census Tract 8173; Cook County; Illinois,63558,17,031,817300
Census Tract 8174; Cook County; Illinois,91638,17,031,817400
Census Tract 8175; Cook County; Illinois,58925,17,031,817500
Census Tract 8176; Cook County; Illinois,52589,17,031,817600
Census Tract 8177; Cook County; Illinois,80211,17,031,817700
Census Tract 8179; Cook County; Illinois,60404,17,031,817900
Census Tract 8180; Cook County; Illinois,51794,17,031,818000
Census Tract 8181; Cook County; Illinois,121328,17,031,818100
Census Tract 8182; Cook County; Illinois,99302,17,031,818200
Census Tract 8183; Cook County; Illinois,74615,17,031,818300
Census Tract 8184.01; Cook County; Illinois,67235,17,031,818401
Census Tract 8184.02; Cook County; Illinois,88550,17,031,818402
Census Tract 8185; Cook County; Illinois,105026,17,031,818500
Census Tract 8186; Cook County; Illinois,105146,17,031,818600
Census Tract 8187; Cook County; Illinois,114922,17,031,818700
Census Tract 8188; Cook County; Illinois,111096,17,031,818800
Census Tract 8189; Cook County; Illinois,103090,17,031,818900
Census Tract 8190; Cook County; Illinois,169015,17,031,819000
Census Tract 8191; Cook County; Illinois,47316,17,031,819100
Census Tract 8192; Cook County; Illinois,80052,17,031,819200
Census Tract 8193; Cook County; Illinois,89276,17,031,819300
Census Tract 8194; Cook County; Illinois,77553,17,031,819400
Census Tract 8195; Cook County; Illinois,92337,17,031,819500
Census Tract 8196; Cook County; Illinois,200114,17,031,819600
Census Tract 8197; Cook County; Illinois,171719,17,031,819700
Census Tract 8198.01; Cook County; Illinois,206848,17,031,819801
Census Tract 8198.02; Cook County; Illinois,189667,17,031,819802
Census Tract 8199; Cook County; Illinois,218906,17,031,819900
Census Tract 8200; Cook County; Illinois,250001,17,031,820000
Census Tract 8201.01; Cook County; Illinois,131694,17,031,820101
Census Tract 8201.03; Cook County; Illinois,86434,17,031,820103
Census Tract 8201.04; Cook County; Illinois,78083,17,031,820104
Census Tract 8202.02; Cook County; Illinois,73750,17,031,820202
Census Tract 8202.03; Cook County; Illinois,136694,17,031,820203
Census Tract 8202.04; Cook County; Illinois,109479,17,031,820204
Census Tract 8203; Cook County; Illinois,55845,17,031,820300
Census Tract 8204; Cook County; Illinois,49598,17,031,820400
Census Tract 8205.01; Cook County; Illinois,68837,17,031,820501
Census Tract 8205.02; Cook County; Illinois,56037,17,031,820502
Census Tract 8206.03; Cook County; Illinois,65922,17,031,820603
Census Tract 8206.04; Cook County; Illinois,47577,17,031,820604
Census Tract 8206.05; Cook County; Illinois,56250,17,031,820605
Census Tract 8206.06; Cook County; Illinois,96304,17,031,820606
Census Tract 8207; Cook County; Illinois,67067,17,031,820700
Census Tract 8208; Cook County; Illinois,83495,17,031,820800
Census Tract 8209.01; Cook County; Illinois,73603,17,031,820901
Census Tract 8209.02; Cook County; Illinois,103846,17,031,820902
Census Tract 8210.01; Cook County; Illinois,61853,17,031,821001
Census Tract 8210.02; Cook County; Illinois,65513,17,031,821002
Census Tract 8211.01; Cook County; Illinois,81912,17,031,821101
Census Tract 8211.02; Cook County; Illinois,81139,17,031,821102
Census Tract 8212; Cook County; Illinois,38880,17,031,821200
Census Tract 8213; Cook County; Illinois,51806,17,031,821300
Census Tract 8214.01; Cook County; Illinois,51310,17,031,821401
Census Tract 8214.02; Cook County; Illinois,66522,17,031,821402
Census Tract 8215; Cook County; Illinois,28173,17,031,821500
Census Tract 8216; Cook County; Illinois,79395,17,031,821600
Census Tract 8217; Cook County; Illinois,96607,17,031,821700
Census Tract 8218; Cook County; Illinois,88024,17,031,821800
Census Tract 8219; Cook County; Illinois,100179,17,031,821900
Census Tract 8220; Cook County; Illinois,56841,17,031,822000
Census Tract 8221.01; Cook County; Illinois,78059,17,031,822101
Census Tract 8221.02; Cook County; Illinois,56963,17,031,822102
Census Tract 8222; Cook County; Illinois,86299,17,031,822200
Census Tract 8223.01; Cook County; Illinois,101413,17,031,822301
Census Tract 8223.02; Cook County; Illinois,77557,17,031,822302
Census Tract 8224; Cook County; Illinois,56231,17,031,822400
Census Tract 8225; Cook County; Illinois,89177,17,031,822500
Census Tract 8226.01; Cook County; Illinois,94943,17,031,822601
Census Tract 8226.02; Cook County; Illinois,64345,17,031,822602
Census Tract 8227.01; Cook County; Illinois,69833,17,031,822701
Census Tract 8227.02; Cook County; Illinois,67865,17,031,822702
Census Tract 8228.01; Cook County; Illinois,85855,17,031,822801
Census Tract 8228.02; Cook County; Illinois,104643,17,031,822802
Census Tract 8229; Cook County; Illinois,72540,17,031,822900
Census Tract 8230.01; Cook County; Illinois,66059,17,031,823001
Census Tract 8230.02; Cook County; Illinois,75979,17,031,823002
Census Tract 8231.01; Cook County; Illinois,53039,17,031,823101
Census Tract 8231.02; Cook County; Illinois,67679,17,031,823102
Census Tract 8232; Cook County; Illinois,72196,17,031,823200
Census Tract 8233.02; Cook County; Illinois,51951,17,031,823302
Census Tract 8233.03; Cook County; Illinois,80500,17,031,823303
Census Tract 8233.04; Cook County; Illinois,55948,17,031,823304
Census Tract 8234; Cook County; Illinois,62517,17,031,823400
Census Tract 8235; Cook County; Illinois,68355,17,031,823500
Census Tract 8236.02; Cook County; Illinois,81772,17,031,823602
Census Tract 8236.03; Cook County; Illinois,69881,17,031,823603
Census Tract 8236.04; Cook County; Illinois,113073,17,031,823604
Census Tract 8236.05; Cook County; Illinois,99299,17,031,823605
Census Tract 8237.02; Cook County; Illinois,79981,17,031,823702
Census Tract 8237.03; Cook County; Illinois,67681,17,031,823703
Census Tract 8237.04; Cook County; Illinois,101282,17,031,823704
Census Tract 8237.05; Cook County; Illinois,78185,17,031,823705
Census Tract 8238.01; Cook County; Illinois,116797,17,031,823801
Census Tract 8238.03; Cook County; Illinois,85109,17,031,823803
Census Tract 8238.05; Cook County; Illinois,69096,17,031,823805
Census Tract 8238.06; Cook County; Illinois,60241,17,031,823806
Census Tract 8239.01; Cook County; Illinois,120227,17,031,823901
Census Tract 8239.03; Cook County; Illinois,124348,17,031,823903
Census Tract 8239.04; Cook County; Illinois,107052,17,031,823904
Census Tract 8240.03; Cook County; Illinois,111438,17,031,824003
Census Tract 8240.04; Cook County; Illinois,104620,17,031,824004
Census Tract 8240.05; Cook County; Illinois,141287,17,031,824005
Census Tract 8240.06; Cook County; Illinois,150469,17,031,824006
Census Tract 8241.05; Cook County; Illinois,115000,17,031,824105
Census Tract 8241.06; Cook County; Illinois,104886,17,031,824106
Census Tract 8241.07; Cook County; Illinois,94178,17,031,824107
Census Tract 8241.13; Cook County; Illinois,114318,17,031,824113
Census Tract 8241.14; Cook County; Illinois,143071,17,031,824114
Census Tract 8241.15; Cook County; Illinois,70179,17,031,824115
Census Tract 8241.16; Cook County; Illinois,74060,17,031,824116
Census Tract 8241.19; Cook County; Illinois,103354,17,031,824119
Census Tract 8241.21; Cook County; Illinois,93380,17,031,824121
Census Tract 8241.22; Cook County; Illinois,125690,17,031,824122
Census Tract 8241.23; Cook County; Illinois,97852,17,031,824123
Census Tract 8241.24; Cook County; Illinois,65250,17,031,824124
Census Tract 8241.25; Cook County; Illinois,117917,17,031,824125
Census Tract 8241.26; Cook County; Illinois,168194,17,031,824126
Census Tract 8241.27; Cook County; Illinois,116087,17,031,824127
Census Tract 8241.28; Cook County; Illinois,97778,17,031,824128
Census Tract 8241.29; Cook County; Illinois,95953,17,031,824129
Census Tract 8243; Cook County; Illinois,59423,17,031,824300
Census Tract 8244; Cook County; Illinois,43750,17,031,824400
Census Tract 8245.03; Cook County; Illinois,79948,17,031,824503
Census Tract 8245.05; Cook County; Illinois,73739,17,031,824505
Census Tract 8245.07; Cook County; Illinois,88889,17,031,824507
Census Tract 8245.08; Cook County; Illinois,69857,17,031,824508
Census Tract 8245.09; Cook County; Illinois,116310,17,031,824509
Census Tract 8246.01; Cook County; Illinois,88598,17,031,824601
Census Tract 8246.02; Cook County; Illinois,86560,17,031,824602
Census Tract 8247.01; Cook County; Illinois,51458,17,031,824701
Census Tract 8247.02; Cook County; Illinois,59918,17,031,824702
Census Tract 8248; Cook County; Illinois,58312,17,031,824800
Census Tract 8249; Cook County; Illinois,46458,17,031,824900
Census Tract 8250; Cook County; Illinois,69591,17,031,825000
Census Tract 8252; Cook County; Illinois,83846,17,031,825200
Census Tract 8253.02; Cook County; Illinois,101429,17,031,825302
Census Tract 8253.03; Cook County; Illinois,78814,17,031,825303
Census Tract 8253.04; Cook County; Illinois,92039,17,031,825304
Census Tract 8254; Cook County; Illinois,91881,17,031,825400
Census Tract 8255.01; Cook County; Illinois,63603,17,031,825501
Census Tract 8255.03; Cook County; Illinois,63104,17,031,825503
Census Tract 8255.04; Cook County; Illinois,64360,17,031,825504
Census Tract 8255.05; Cook County; Illinois,69785,17,031,825505
Census Tract 8256; Cook County; Illinois,52734,17,031,825600
Census Tract 8257; Cook County; Illinois,53397,17,031,825700
Census Tract 8258.01; Cook County; Illinois,41100,17,031,825801
Census Tract 8258.02; Cook County; Illinois,70346,17,031,825802
Census Tract 8258.03; Cook County; Illinois,63966,17,031,825803
Census Tract 8259; Cook County; Illinois,60833,17,031,825900
Census Tract 8260; Cook County; Illinois,60668,17,031,826000
Census Tract 8261; Cook County; Illinois,50918,17,031,826100
Census Tract 8262.01; Cook County; Illinois,41614,17,031,826201
Census Tract 8262.02; Cook County; Illinois,59767,17,031,826202
Census Tract 8263.01; Cook County; Illinois,65679,17,031,826301
Census Tract 8263.03; Cook County; Illinois,77151,17,031,826303
Census Tract 8263.04; Cook County; Illinois,50000,17,031,826304
Census Tract 8264.01; Cook County; Illinois,52043,17,031,826401
Census Tract 8264.02; Cook County; Illinois,49803,17,031,826402
Census Tract 8265; Cook County; Illinois,53235,17,031,826500
Census Tract 8266; Cook County; Illinois,41411,17,031,826600
Census Tract 8267; Cook County; Illinois,48014,17,031,826700
Census Tract 8268; Cook County; Illinois,57702,17,031,826800
Census Tract 8269.01; Cook County; Illinois,30215,17,031,826901
Census Tract 8269.02; Cook County; Illinois,39808,17,031,826902
Census Tract 8270; Cook County; Illinois,43569,17,031,827000
Census Tract 8271; Cook County; Illinois,34882,17,031,827100
Census Tract 8272; Cook County; Illinois,55116,17,031,827200
Census Tract 8273; Cook County; Illinois,30547,17,031,827300
Census Tract 8274; Cook County; Illinois,35030,17,031,827400
Census Tract 8275; Cook County; Illinois,63619,17,031,827500
Census Tract 8276; Cook County; Illinois,38803,17,031,827600
Census Tract 8277; Cook County; Illinois,47574,17,031,827700
Census Tract 8278.01; Cook County; Illinois,76717,17,031,827801
Census Tract 8278.02; Cook County; Illinois,90246,17,031,827802
Census Tract 8278.04; Cook County; Illinois,65238,17,031,827804
Census Tract 8278.05; Cook County; Illinois,84250,17,031,827805
Census Tract 8279.01; Cook County; Illinois,103958,17,031,827901
Census Tract 8279.02; Cook County; Illinois,59826,17,031,827902
Census Tract 8280; Cook County; Illinois,65227,17,031,828000
Census Tract 8281; Cook County; Illinois,65190,17,031,828100
Census Tract 8282.01; Cook County; Illinois,66514,17,031,828201
Census Tract 8282.02; Cook County; Illinois,62917,17,031,828202
Census Tract 8283; Cook County; Illinois,55375,17,031,828300
Census Tract 8284.01; Cook County; Illinois,77143,17,031,828401
Census Tract 8284.02; Cook County; Illinois,52768,17,031,828402
Census Tract 8285.03; Cook County; Illinois,53438,17,031,828503
Census Tract 8285.04; Cook County; Illinois,49692,17,031,828504
Census Tract 8285.05; Cook County; Illinois,97463,17,031,828505
Census Tract 8285.07; Cook County; Illinois,81611,17,031,828507
Census Tract 8285.08; Cook County; Illinois,47321,17,031,828508
Census Tract 8286.01; Cook County; Illinois,96006,17,031,828601
Census Tract 8286.02; Cook County; Illinois,101371,17,031,828602
Census Tract 8287.01; Cook County; Illinois,68785,17,031,828701
Census Tract 8287.02; Cook County; Illinois,69342,17,031,828702
Census Tract 8288.01; Cook County; Illinois,112774,17,031,828801
Census Tract 8288.02; Cook County; Illinois,76591,17,031,828802
Census Tract 8289; Cook County; Illinois,57174,17,031,828900
Census Tract 8290; Cook County; Illinois,30610,17,031,829000
Census Tract 8291; Cook County; Illinois,38077,17,031,829100
Census Tract 8292; Cook County; Illinois,53368,17,031,829200
Census Tract 8293.01; Cook County; Illinois,82128,17,031,829301
Census Tract 8293.02; Cook County; Illinois,60153,17,031,829302
Census Tract 8294.01; Cook County; Illinois,51161,17,031,829401
Census Tract 8294.02; Cook County; Illinois,58244,17,031,829402
Census Tract 8295; Cook County; Illinois,52115,17,031,829500
Census Tract 8296; Cook County; Illinois,60878,17,031,829600
Census Tract 8297; Cook County; Illinois,54145,17,031,829700
Census Tract 8298; Cook County; Illinois,135212,17,031,829800
Census Tract 8299.02; Cook County; Illinois,90071,17,031,829902
Census Tract 8299.03; Cook County; Illinois,80795,17,031,829903
Census Tract 8299.04; Cook County; Illinois,80810,17,031,829904
Census Tract 8300.01; Cook County; Illinois,45331,17,031,830001
Census Tract 8300.03; Cook County; Illinois,115250,17,031,830003
Census Tract 8300.04; Cook County; Illinois,105768,17,031,830004
Census Tract 8300.05; Cook County; Illinois,77589,17,031,830005
Census Tract 8300.06; Cook County; Illinois,-666666666,17,031,830006
Census Tract 8300.07; Cook County; Illinois,56836,17,031,830007
Census Tract 8300.08; Cook County; Illinois,108780,17,031,830008
Census Tract 8301; Cook County; Illinois,78229,17,031,830100
Census Tract 8302.01; Cook County; Illinois,40403,17,031,830201
Census Tract 8302.02; Cook County; Illinois,86064,17,031,830202
Census Tract 8303; Cook County; Illinois,39488,17,031,830300
Census Tract 8304; Cook County; Illinois,59036,17,031,830400
Census Tract 8305; Cook County; Illinois,59116,17,031,830500
Census Tract 8306; Cook County; Illinois,59364,17,031,830600
Census Tract 8307; Cook County; Illinois,64330,17,031,830700
Census Tract 8308; Cook County; Illinois,75500,17,031,830800
Census Tract 8309; Cook County; Illinois,121813,17,031,830900
Census Tract 8310; Cook County; Illinois,177500,17,031,831000
Census Tract 8311; Cook County; Illinois,96318,17,031,831100
Census Tract 8312; Cook County; Illinois,55326,17,031,831200
Census Tract 8313; Cook County; Illinois,43144,17,031,831300
Census Tract 8314; Cook County; Illinois,33210,17,031,831400
Census Tract 8315; Cook County; Illinois,76914,17,031,831500
Census Tract 8316; Cook County; Illinois,63839,17,031,831600
Census Tract 8317; Cook County; Illinois,44653,17,031,831700
Census Tract 8318; Cook County; Illinois,80471,17,031,831800
Census Tract 8319; Cook County; Illinois,125139,17,031,831900
Census Tract 8320; Cook County; Illinois,128828,17,031,832000
Census Tract 8321; Cook County; Illinois,79985,17,031,832100
Census Tract 8322; Cook County; Illinois,150682,17,031,832200
Census Tract 8323; Cook County; Illinois,119886,17,031,832300
Census Tract 8324; Cook County; Illinois,132226,17,031,832400
Census Tract 8325; Cook County; Illinois,142500,17,031,832500
Census Tract 8326; Cook County; Illinois,201563,17,031,832600
Census Tract 8329; Cook County; Illinois,75878,17,031,832900
Census Tract 8330; Cook County; Illinois,192608,17,031,833000
Census Tract 8331; Cook County; Illinois,160114,17,031,833100
Census Tract 8333; Cook County; Illinois,85096,17,031,833300
Census Tract 8339; Cook County; Illinois,39602,17,031,833900
Census Tract 8340; Cook County; Illinois,39194,17,031,834000
Census Tract 8342; Cook County; Illinois,57270,17,031,834200
Census Tract 8343; Cook County; Illinois,52973,17,031,834300
Census Tract 8344; Cook County; Illinois,33768,17,031,834400
Census Tract 8345; Cook County; Illinois,48393,17,031,834500
Census Tract 8346; Cook County; Illinois,26304,17,031,834600
Census Tract 8347; Cook County; Illinois,34250,17,031,834700
Census Tract 8348; Cook County; Illinois,20771,17,031,834800
Census Tract 8349; Cook County; Illinois,18500,17,031,834900
Census Tract 8350; Cook County; Illinois,33857,17,031,835000
Census Tract 8351; Cook County; Illinois,47049,17,031,835100
Census Tract 8352; Cook County; Illinois,79875,17,031,835200
Census Tract 8355; Cook County; Illinois,18304,17,031,835500
Census Tract 8356; Cook County; Illinois,13438,17,031,835600
Census Tract 8358; Cook County; Illinois,79868,17,031,835800
Census Tract 8360; Cook County; Illinois,77292,17,031,836000
Census Tract 8361; Cook County; Illinois,20948,17,031,836100
Census Tract 8362; Cook County; Illinois,146250,17,031,836200
Census Tract 8363; Cook County; Illinois,64722,17,031,836300
Census Tract 8364; Cook County; Illinois,24764,17,031,836400
Census Tract 8365; Cook County; Illinois,30944,17,031,836500
Census Tract 8366; Cook County; Illinois,80763,17,031,836600
Census Tract 8367; Cook County; Illinois,51434,17,031,836700
Census Tract 8368; Cook County; Illinois,19453,17,031,836800
Census Tract 8369; Cook County; Illinois,25650,17,031,836900
Census Tract 8370; Cook County; Illinois,41023,17,031,837000
Census Tract 8371; Cook County; Illinois,48880,17,031,837100
Census Tract 8373; Cook County; Illinois,18949,17,031,837300
Census Tract 8374; Cook County; Illinois,51250,17,031,837400
Census Tract 8378; Cook County; Illinois,58681,17,031,837800
Census Tract 8380; Cook County; Illinois,26673,17,031,838000
Census Tract 8381; Cook County; Illinois,26000,17,031,838100
Census Tract 8382; Cook County; Illinois,83929,17,031,838200
Census Tract 8383; Cook County; Illinois,112381,17,031,838300
Census Tract 8386; Cook County; Illinois,18537,17,031,838600
Census Tract 8387; Cook County; Illinois,21834,17,031,838700
Census Tract 8388; Cook County; Illinois,29120,17,031,838800
Census Tract 8390; Cook County; Illinois,110306,17,031,839000
Census Tract 8391; Cook County; Illinois,122978,17,031,839100
Census Tract 8392; Cook County; Illinois,43090,17,031,839200
Census Tract 8395; Cook County; Illinois,-666666666,17,031,839500
Census Tract 8396; Cook County; Illinois,65062,17,031,839600
Census Tract 8397; Cook County; Illinois,83498,17,031,839700
Census Tract 8398; Cook County; Illinois,77560,17,031,839800
Census Tract 8399; Cook County; Illinois,100217,17,031,839900
Census Tract 8400; Cook County; Illinois,105481,17,031,840000
Census Tract 8401; Cook County; Illinois,66765,17,031,840100
Census Tract 8402; Cook County; Illinois,41359,17,031,840200
Census Tract 8403; Cook County; Illinois,65909,17,031,840300
Census Tract 8404; Cook County; Illinois,71667,17,031,840400
Census Tract 8407; Cook County; Illinois,97727,17,031,840700
Census Tract 8408; Cook County; Illinois,45326,17,031,840800
Census Tract 8410; Cook County; Illinois,103750,17,031,841000
Census Tract 8411; Cook County; Illinois,48542,17,031,841100
Census Tract 8412; Cook County; Illinois,60498,17,031,841200
Census Tract 8413; Cook County; Illinois,79744,17,031,841300
Census Tract 8415; Cook County; Illinois,26950,17,031,841500
Census Tract 8417; Cook County; Illinois,24663,17,031,841700
Census Tract 8418; Cook County; Illinois,45294,17,031,841800
Census Tract 8419; Cook County; Illinois,131803,17,031,841900
Census Tract 8420; Cook County; Illinois,116875,17,031,842000
Census Tract 8421; Cook County; Illinois,50907,17,031,842100
Census Tract 8422; Cook County; Illinois,102036,17,031,842200
Census Tract 8423; Cook County; Illinois,167407,17,031,842300
Census Tract 8424; Cook County; Illinois,72616,17,031,842400
Census Tract 8425; Cook County; Illinois,27955,17,031,842500
Census Tract 8426; Cook County; Illinois,90521,17,031,842600
Census Tract 8428; Cook County; Illinois,49020,17,031,842800
Census Tract 8429; Cook County; Illinois,19304,17,031,842900
Census Tract 8430; Cook County; Illinois,23587,17,031,843000
Census Tract 8431; Cook County; Illinois,46659,17,031,843100
Census Tract 8432; Cook County; Illinois,66172,17,031,843200
Census Tract 8433; Cook County; Illinois,41250,17,031,843300
Census Tract 8434; Cook County; Illinois,32404,17,031,843400
Census Tract 8435; Cook County; Illinois,52875,17,031,843500
Census Tract 8436; Cook County; Illinois,55250,17,031,843600
Census Tract 8437; Cook County; Illinois,191384,17,031,843700
Census Tract 8438; Cook County; Illinois,32095,17,031,843800
Census Tract 8439; Cook County; Illinois,56926,17,031,843900
Census Tract 8446; Cook County; Illinois,54565,17,031,844600
Census Tract 8447; Cook County; Illinois,51298,17,031,844700
Census Tract 9800; Cook County; Illinois,-666666666,17,031,980000
Census Tract 9801; Cook County; Illinois,-666666666,17,031,980100
Census Tract 9900; Cook County; Illinois,-666666666,17,031,990000
